SET ANSI_NULLS ON
SET QUOTED_IDENTIFIER ON
GO

-- ============================================================
-- CLEANUP (Azure-compatible): sp_MSForEachTable does not exist on
-- Azure SQL Database, so disable/re-enable FK checks and reseed
-- identities via dynamic SQL instead. Safe to run against a
-- freshly-created (empty) schema from schema_azure_DONT_TOUCH.sql.
-- ============================================================
DECLARE @sql NVARCHAR(MAX);

SET @sql = N'';
SELECT @sql += 'ALTER TABLE ' + QUOTENAME(s.name) + '.' + QUOTENAME(t.name) + ' NOCHECK CONSTRAINT ALL;' + CHAR(10)
FROM sys.tables t JOIN sys.schemas s ON t.schema_id = s.schema_id;
EXEC sp_executesql @sql;

DELETE FROM [dbo].[Annotation]
DELETE FROM [dbo].[AuditLog]
DELETE FROM [dbo].[Chapter]
DELETE FROM [dbo].[ChapterImage]
DELETE FROM [dbo].[DecisionSession]
DELETE FROM [dbo].[DecisionVote]
DELETE FROM [dbo].[MangakaAssistant]
DELETE FROM [dbo].[MangakaRankingRecord]
DELETE FROM [dbo].[Manuscript]
DELETE FROM [dbo].[ManuscriptPage]
DELETE FROM [dbo].[ManuscriptProductionLock]
DELETE FROM [dbo].[ManuscriptVersion]
DELETE FROM [dbo].[Notification]
DELETE FROM [dbo].[Page]
DELETE FROM [dbo].[PageTask]
DELETE FROM [dbo].[Proposal]
DELETE FROM [dbo].[ProposalBoardRound]
DELETE FROM [dbo].[SystemSetting]
DELETE FROM [dbo].[ProposalBoardRoundVoter]
DELETE FROM [dbo].[ProposalHistory]
DELETE FROM [dbo].[RankingPeriod]
DELETE FROM [dbo].[RankingRecord]
DELETE FROM [dbo].[ReviewDecision]
DELETE FROM [dbo].[ReviewTask]
DELETE FROM [dbo].[Role]
DELETE FROM [dbo].[Series]
DELETE FROM [dbo].[SeriesAssistant]
DELETE FROM [dbo].[User]
DELETE FROM [dbo].[UserRole]
DELETE FROM [dbo].[VoteEntry]
DELETE FROM [dbo].[TaskType]
DELETE FROM [dbo].[PageTaskStage]
DELETE FROM [dbo].[PageTaskPageStage]
DELETE FROM [dbo].[SalaryPeriod]
DELETE FROM [dbo].[AssistantSalaryRecord]
DELETE FROM [dbo].[RankingCsvUpload]

SET @sql = N'';
SELECT @sql += 'ALTER TABLE ' + QUOTENAME(s.name) + '.' + QUOTENAME(t.name) + ' WITH CHECK CHECK CONSTRAINT ALL;' + CHAR(10)
FROM sys.tables t JOIN sys.schemas s ON t.schema_id = s.schema_id;
EXEC sp_executesql @sql;

SET @sql = N'';
SELECT @sql += 'DBCC CHECKIDENT (''' + s.name + '.' + t.name + ''', RESEED, 0);' + CHAR(10)
FROM sys.tables t
JOIN sys.schemas s ON t.schema_id = s.schema_id
WHERE OBJECTPROPERTY(t.object_id, 'TableHasIdentity') = 1;
EXEC sp_executesql @sql;
GO
SET IDENTITY_INSERT [dbo].[User] ON 

INSERT [dbo].[User] ([id], [username], [passwordHash], [fullName], [email], [status], [createdAt], [updatedAt], [avatarUrl]) VALUES (0, N'admin', N'12345', N'System Admin', N'admin@mangaflow.local', N'ACTIVE', CAST(N'2026-05-27T03:09:39.237' AS DateTime), CAST(N'2026-05-27T03:09:39.237' AS DateTime), NULL)
INSERT [dbo].[User] ([id], [username], [passwordHash], [fullName], [email], [status], [createdAt], [updatedAt], [avatarUrl]) VALUES (1, N'mangaka1', N'12345', N'Yuki Tanaka', N'mangaka1@mangaflow.local', N'ACTIVE', CAST(N'2026-05-27T03:09:39.237' AS DateTime), CAST(N'2026-05-27T03:09:39.237' AS DateTime), NULL)
INSERT [dbo].[User] ([id], [username], [passwordHash], [fullName], [email], [status], [createdAt], [updatedAt], [avatarUrl]) VALUES (2, N'assistant1', N'12345', N'Aiko Mori', N'asst1@mangaflow.local', N'ACTIVE', CAST(N'2026-05-27T03:09:39.237' AS DateTime), CAST(N'2026-05-27T03:09:39.237' AS DateTime), NULL)
INSERT [dbo].[User] ([id], [username], [passwordHash], [fullName], [email], [status], [createdAt], [updatedAt], [avatarUrl]) VALUES (3, N'assistant2', N'12345', N'Riku Hayashi', N'asst2@mangaflow.local', N'ACTIVE', CAST(N'2026-05-27T03:09:39.237' AS DateTime), CAST(N'2026-05-27T03:09:39.237' AS DateTime), NULL)
INSERT [dbo].[User] ([id], [username], [passwordHash], [fullName], [email], [status], [createdAt], [updatedAt], [avatarUrl]) VALUES (4, N'assistant3', N'12345', N'Mika Saito', N'asst3@mangaflow.local', N'ACTIVE', CAST(N'2026-05-27T03:09:39.237' AS DateTime), CAST(N'2026-05-27T03:09:39.237' AS DateTime), NULL)
INSERT [dbo].[User] ([id], [username], [passwordHash], [fullName], [email], [status], [createdAt], [updatedAt], [avatarUrl]) VALUES (5, N'assistant4', N'12345', N'Ren Fujimoto', N'asst4@mangaflow.local', N'ACTIVE', CAST(N'2026-05-27T03:09:39.237' AS DateTime), CAST(N'2026-05-27T03:09:39.237' AS DateTime), NULL)
INSERT [dbo].[User] ([id], [username], [passwordHash], [fullName], [email], [status], [createdAt], [updatedAt], [avatarUrl]) VALUES (6, N'tantou1', N'12345', N'Hiroshi Yamamoto', N'tantou1@mangaflow.local', N'ACTIVE', CAST(N'2026-05-27T03:09:39.237' AS DateTime), CAST(N'2026-05-27T03:09:39.237' AS DateTime), NULL)
INSERT [dbo].[User] ([id], [username], [passwordHash], [fullName], [email], [status], [createdAt], [updatedAt], [avatarUrl]) VALUES (7, N'board1', N'12345', N'Board Member Keiko', N'board1@mangaflow.local', N'ACTIVE', CAST(N'2026-05-27T03:09:39.237' AS DateTime), CAST(N'2026-05-27T03:09:39.237' AS DateTime), NULL)
INSERT [dbo].[User] ([id], [username], [passwordHash], [fullName], [email], [status], [createdAt], [updatedAt], [avatarUrl]) VALUES (8, N'board2', N'12345', N'Board Member Sato', N'board2@mangaflow.local', N'ACTIVE', CAST(N'2026-05-27T03:09:39.237' AS DateTime), CAST(N'2026-05-27T03:09:39.237' AS DateTime), NULL)
INSERT [dbo].[User] ([id], [username], [passwordHash], [fullName], [email], [status], [createdAt], [updatedAt], [avatarUrl]) VALUES (9, N'board3', N'12345', N'Board Member Natsuki', N'board3@mangaflow.local', N'ACTIVE', CAST(N'2026-05-27T03:09:39.237' AS DateTime), CAST(N'2026-05-27T03:09:39.237' AS DateTime), NULL)
INSERT [dbo].[User] ([id], [username], [passwordHash], [fullName], [email], [status], [createdAt], [updatedAt], [avatarUrl]) VALUES (10, N'board4', N'12345', N'Board Member Minori', N'board4@mangaflow.local', N'ACTIVE', CAST(N'2026-05-27T03:09:39.237' AS DateTime), CAST(N'2026-05-27T03:09:39.237' AS DateTime), NULL)
INSERT [dbo].[User] ([id], [username], [passwordHash], [fullName], [email], [status], [createdAt], [updatedAt], [avatarUrl]) VALUES (11, N'board5', N'12345', N'Board Member Akira', N'board5@mangaflow.local', N'ACTIVE', CAST(N'2026-05-27T03:09:39.237' AS DateTime), CAST(N'2026-05-27T03:09:39.237' AS DateTime), NULL)
INSERT [dbo].[User] ([id], [username], [passwordHash], [fullName], [email], [status], [createdAt], [updatedAt], [avatarUrl]) VALUES (12, N'mangaka2', N'12345', N'Mai Nguyen', N'mangaka2@mangaflow.local', N'ACTIVE', CAST(N'2026-05-27T03:09:39.237' AS DateTime), CAST(N'2026-05-27T03:09:39.237' AS DateTime), NULL)
INSERT [dbo].[User] ([id], [username], [passwordHash], [fullName], [email], [status], [createdAt], [updatedAt], [avatarUrl]) VALUES (13, N'mangaka3', N'12345', N'Kenji Ito', N'mangaka3@mangaflow.local', N'ACTIVE', CAST(N'2026-05-27T03:09:39.237' AS DateTime), CAST(N'2026-05-27T03:09:39.237' AS DateTime), NULL)
INSERT [dbo].[User] ([id], [username], [passwordHash], [fullName], [email], [status], [createdAt], [updatedAt], [avatarUrl]) VALUES (14, N'mangaka4', N'12345', N'Hiroto Suzuki', N'mangaka4@mangaflow.local', N'ACTIVE', CAST(N'2026-05-27T03:09:39.237' AS DateTime), CAST(N'2026-05-27T03:09:39.237' AS DateTime), NULL)
INSERT [dbo].[User] ([id], [username], [passwordHash], [fullName], [email], [status], [createdAt], [updatedAt], [avatarUrl]) VALUES (15, N'mangaka5', N'12345', N'Yuki Sato', N'mangaka5@mangaflow.local', N'ACTIVE', CAST(N'2026-05-27T03:09:39.237' AS DateTime), CAST(N'2026-05-27T03:09:39.237' AS DateTime), NULL)
INSERT [dbo].[User] ([id], [username], [passwordHash], [fullName], [email], [status], [createdAt], [updatedAt], [avatarUrl]) VALUES (16, N'assistant5', N'12345', N'Nora Kim', N'asst5@mangaflow.local', N'ACTIVE', CAST(N'2026-05-27T03:09:39.237' AS DateTime), CAST(N'2026-05-27T03:09:39.237' AS DateTime), NULL)
INSERT [dbo].[User] ([id], [username], [passwordHash], [fullName], [email], [status], [createdAt], [updatedAt], [avatarUrl]) VALUES (17, N'assistant6', N'12345', N'Hana Kobayashi', N'asst6@mangaflow.local', N'ACTIVE', CAST(N'2026-05-27T03:09:39.237' AS DateTime), CAST(N'2026-05-27T03:09:39.237' AS DateTime), NULL)
INSERT [dbo].[User] ([id], [username], [passwordHash], [fullName], [email], [status], [createdAt], [updatedAt], [avatarUrl]) VALUES (18, N'assistant7', N'12345', N'Daichi Sato', N'asst7@mangaflow.local', N'ACTIVE', CAST(N'2026-05-27T03:09:39.237' AS DateTime), CAST(N'2026-05-27T03:09:39.237' AS DateTime), NULL)
INSERT [dbo].[User] ([id], [username], [passwordHash], [fullName], [email], [status], [createdAt], [updatedAt], [avatarUrl]) VALUES (19, N'assistant8', N'12345', N'Emiko Tanaka', N'asst8@mangaflow.local', N'ACTIVE', CAST(N'2026-05-27T03:09:39.237' AS DateTime), CAST(N'2026-05-27T03:09:39.237' AS DateTime), NULL)
INSERT [dbo].[User] ([id], [username], [passwordHash], [fullName], [email], [status], [createdAt], [updatedAt], [avatarUrl]) VALUES (20, N'assistant9', N'12345', N'Taro Nakamura', N'asst9@mangaflow.local', N'ACTIVE', CAST(N'2026-05-27T03:09:39.237' AS DateTime), CAST(N'2026-05-27T03:09:39.237' AS DateTime), NULL)
INSERT [dbo].[User] ([id], [username], [passwordHash], [fullName], [email], [status], [createdAt], [updatedAt], [avatarUrl]) VALUES (21, N'assistant10', N'12345', N'Yuki Kobayashi', N'asst10@mangaflow.local', N'ACTIVE', CAST(N'2026-05-27T03:09:39.237' AS DateTime), CAST(N'2026-05-27T03:09:39.237' AS DateTime), NULL)
INSERT [dbo].[User] ([id], [username], [passwordHash], [fullName], [email], [status], [createdAt], [updatedAt], [avatarUrl]) VALUES (22, N'tantou2', N'12345', N'Aya Suzuki', N'tantou2@mangaflow.local', N'ACTIVE', CAST(N'2026-05-27T03:09:39.237' AS DateTime), CAST(N'2026-05-27T03:09:39.237' AS DateTime), NULL)
INSERT [dbo].[User] ([id], [username], [passwordHash], [fullName], [email], [status], [createdAt], [updatedAt], [avatarUrl]) VALUES (23, N'tantou3', N'12345', N'Jiro Watanabe', N'tantou3@mangaflow.local', N'ACTIVE', CAST(N'2026-05-27T03:09:39.237' AS DateTime), CAST(N'2026-05-27T03:09:39.237' AS DateTime), NULL)
SET IDENTITY_INSERT [dbo].[User] OFF
GO
SET IDENTITY_INSERT [dbo].[Proposal] ON 

INSERT [dbo].[Proposal] ([id], [mangakaId], [title], [genre], [synopsis], [sampleFilePath], [originalFileName], [approximateChapter], [status], [submittedAt], [rejectedAt], [assignedEditorId], [submitAttemptCount], [tantouReviewOverdue], [createdAt], [updatedAt]) VALUES (0, 1, N'Shadows of Edo', N'Action', N'A disgraced samurai seeks redemption in Edo-period Japan, uncovering a conspiracy threatening the Shogunate.', N'/uploads/proposals/sample-shadows-of-edo.pdf', N'sample-shadows-of-edo.pdf', 1, N'APPROVED', CAST(N'2026-05-07T03:09:39.290' AS DateTime), NULL, 6, 1, 0, CAST(N'2026-05-02T03:09:39.290' AS DateTime), CAST(N'2026-05-07T03:09:39.290' AS DateTime))
INSERT [dbo].[Proposal] ([id], [mangakaId], [title], [genre], [synopsis], [sampleFilePath], [originalFileName], [approximateChapter], [status], [submittedAt], [rejectedAt], [assignedEditorId], [submitAttemptCount], [tantouReviewOverdue], [createdAt], [updatedAt]) VALUES (1, 1, N'Cyber Ronin', N'Action', N'In 2157, a cybernetic warrior hunts rogue AIs across neon-lit megacities.', N'/uploads/proposals/sample-cyber-ronin.pdf', N'sample-cyber-ronin.pdf', 1, N'APPROVED', CAST(N'2026-05-24T03:09:39.293' AS DateTime), NULL, 6, 1, 0, CAST(N'2026-05-22T03:09:39.293' AS DateTime), CAST(N'2026-06-11T21:00:00.297' AS DateTime))
INSERT [dbo].[Proposal] ([id], [mangakaId], [title], [genre], [synopsis], [sampleFilePath], [originalFileName], [approximateChapter], [status], [submittedAt], [rejectedAt], [assignedEditorId], [submitAttemptCount], [tantouReviewOverdue], [createdAt], [updatedAt]) VALUES (2, 12, N'Celestial Kitchen', N'Fantasy', N'A young cook serves spirits in a floating night market and learns the price of forgotten recipes.', N'/uploads/proposals/sample-celestial-kitchen.pdf', N'sample-celestial-kitchen.pdf', 12, N'APPROVED', CAST(N'2026-05-09T03:09:39.293' AS DateTime), NULL, 22, 1, 0, CAST(N'2026-05-05T03:09:39.293' AS DateTime), CAST(N'2026-05-11T03:09:39.293' AS DateTime))
INSERT [dbo].[Proposal] ([id], [mangakaId], [title], [genre], [synopsis], [sampleFilePath], [originalFileName], [approximateChapter], [status], [submittedAt], [rejectedAt], [assignedEditorId], [submitAttemptCount], [tantouReviewOverdue], [createdAt], [updatedAt]) VALUES (3, 13, N'Neon Lotus High', N'Drama', N'Students at an elite cyber-art academy battle through murals, music and augmented dreams.', N'/uploads/proposals/sample-neon-lotus-high.pdf', N'sample-neon-lotus-high.pdf', 18, N'APPROVED', CAST(N'2026-05-13T03:09:39.293' AS DateTime), NULL, 6, 2, 0, CAST(N'2026-05-02T03:09:39.293' AS DateTime), CAST(N'2026-05-17T03:09:39.293' AS DateTime))
INSERT [dbo].[Proposal] ([id], [mangakaId], [title], [genre], [synopsis], [sampleFilePath], [originalFileName], [approximateChapter], [status], [submittedAt], [rejectedAt], [assignedEditorId], [submitAttemptCount], [tantouReviewOverdue], [createdAt], [updatedAt]) VALUES (4, 12, N'Rainfall Bakery', N'Slice of Life', N'A quiet bakery becomes the meeting point for neighbors trying to rebuild after a long monsoon.', N'/uploads/proposals/sample-rainfall-bakery.pdf', N'sample-rainfall-bakery.pdf', 8, N'REVISION_REQUESTED', CAST(N'2026-05-21T03:09:39.293' AS DateTime), NULL, 22, 1, 0, CAST(N'2026-05-19T03:09:39.293' AS DateTime), CAST(N'2026-05-25T03:09:39.293' AS DateTime))
INSERT [dbo].[Proposal] ([id], [mangakaId], [title], [genre], [synopsis], [sampleFilePath], [originalFileName], [approximateChapter], [status], [submittedAt], [rejectedAt], [assignedEditorId], [submitAttemptCount], [tantouReviewOverdue], [createdAt], [updatedAt]) VALUES (5, 12, N'Steampunk Chronicles', N'Steampunk', N'An engineer discovers sentient clockwork machines and must choose between progress and tradition.', N'/uploads/proposals/steampunk-chronicles-v1.pdf', N'steampunk-chronicles-v1.pdf', 20, N'DRAFT', NULL, NULL, NULL, 0, 0, CAST(N'2026-05-17T03:09:39.297' AS DateTime), CAST(N'2026-05-17T03:09:39.297' AS DateTime))
INSERT [dbo].[Proposal] ([id], [mangakaId], [title], [genre], [synopsis], [sampleFilePath], [originalFileName], [approximateChapter], [status], [submittedAt], [rejectedAt], [assignedEditorId], [submitAttemptCount], [tantouReviewOverdue], [createdAt], [updatedAt]) VALUES (6, 13, N'Moonlight Sanctuary', N'Fantasy', N'A princess discovers her magical bloodline and must unite fractured kingdoms against an ancient evil.', N'/uploads/proposals/moonlight-sanctuary-v1.pdf', N'moonlight-sanctuary-v1.pdf', 24, N'UNDER_REVIEW', CAST(N'2026-05-20T03:09:39.297' AS DateTime), NULL, 23, 1, 1, CAST(N'2026-05-19T03:09:39.297' AS DateTime), CAST(N'2026-05-27T04:05:00.123' AS DateTime))
INSERT [dbo].[Proposal] ([id], [mangakaId], [title], [genre], [synopsis], [sampleFilePath], [originalFileName], [approximateChapter], [status], [submittedAt], [rejectedAt], [assignedEditorId], [submitAttemptCount], [tantouReviewOverdue], [createdAt], [updatedAt]) VALUES (7, 14, N'Mystery at Midnight', N'Mystery', N'A detective with paranormal sensitivity investigates crimes at the boundary between worlds.', N'/uploads/proposals/mystery-midnight-v1.pdf', N'mystery-midnight-v1.pdf', 18, N'UNDER_REVIEW', CAST(N'2026-05-23T03:09:39.297' AS DateTime), NULL, 22, 1, 1, CAST(N'2026-05-22T03:09:39.297' AS DateTime), CAST(N'2026-05-27T04:05:00.123' AS DateTime))
INSERT [dbo].[Proposal] ([id], [mangakaId], [title], [genre], [synopsis], [sampleFilePath], [originalFileName], [approximateChapter], [status], [submittedAt], [rejectedAt], [assignedEditorId], [submitAttemptCount], [tantouReviewOverdue], [createdAt], [updatedAt]) VALUES (8, 15, N'Heartstring Cafe', N'Slice of Life', N'A small-town cafe becomes the gathering place for unlikely friendships and second chances.', N'/uploads/proposals/heartstring-cafe-v1.pdf', N'heartstring-cafe-v1.pdf', 16, N'REVISION_REQUESTED', CAST(N'2026-05-15T03:09:39.297' AS DateTime), NULL, 23, 1, 0, CAST(N'2026-05-12T03:09:39.297' AS DateTime), CAST(N'2026-05-25T03:09:39.297' AS DateTime))
INSERT [dbo].[Proposal] ([id], [mangakaId], [title], [genre], [synopsis], [sampleFilePath], [originalFileName], [approximateChapter], [status], [submittedAt], [rejectedAt], [assignedEditorId], [submitAttemptCount], [tantouReviewOverdue], [createdAt], [updatedAt]) VALUES (9, 13, N'Alien Overlords', N'Sci-Fi', N'Humans discover they are not alone - and the visitors are not friendly.', N'/uploads/proposals/alien-overlords-v1.pdf', N'alien-overlords-v1.pdf', 22, N'REJECTED', CAST(N'2026-05-07T03:09:39.297' AS DateTime), CAST(N'2026-05-12T03:09:39.297' AS DateTime), 6, 2, 0, CAST(N'2026-05-02T03:09:39.297' AS DateTime), CAST(N'2026-05-12T03:09:39.297' AS DateTime))
INSERT [dbo].[Proposal] ([id], [mangakaId], [title], [genre], [synopsis], [sampleFilePath], [originalFileName], [approximateChapter], [status], [submittedAt], [rejectedAt], [assignedEditorId], [submitAttemptCount], [tantouReviewOverdue], [createdAt], [updatedAt]) VALUES (10, 12, N'Shadows of Tokyo', N'Thriller', N'A vigilante operates in Tokyo underground, fighting corruption from within.', N'/uploads/proposals/shadows-tokyo-v1.pdf', N'shadows-tokyo-v1.pdf', 26, N'APPROVED', CAST(N'2026-04-27T03:09:39.297' AS DateTime), NULL, 22, 1, 0, CAST(N'2026-04-22T03:09:39.297' AS DateTime), CAST(N'2026-04-29T03:09:39.297' AS DateTime))
INSERT [dbo].[Proposal] ([id], [mangakaId], [title], [genre], [synopsis], [sampleFilePath], [originalFileName], [approximateChapter], [status], [submittedAt], [rejectedAt], [assignedEditorId], [submitAttemptCount], [tantouReviewOverdue], [createdAt], [updatedAt]) VALUES (11, 1, N'Nightfall Samurai', N'Action', N'A disgraced ronin wanders a fractured Edo under permanent moonless night, hunting the cabal that burned his clan.', N'/uploads/proposals/sample-nightfall-samurai.pdf', N'sample-nightfall-samurai.pdf', 5, N'APPROVED', CAST(N'2026-05-20T03:09:39.293' AS DateTime), NULL, 6, 1, 0, CAST(N'2026-05-18T03:09:39.293' AS DateTime), CAST(N'2026-06-01T21:00:00.297' AS DateTime))
INSERT [dbo].[Proposal] ([id], [mangakaId], [title], [genre], [synopsis], [sampleFilePath], [originalFileName], [approximateChapter], [status], [submittedAt], [rejectedAt], [assignedEditorId], [submitAttemptCount], [tantouReviewOverdue], [createdAt], [updatedAt]) VALUES (12, 1, N'Steel Chrysanthemum', N'Action', N'A retired blade-smith is pulled back into a war of clans she thought she had buried for good.', N'/uploads/proposals/sample-steel-chrysanthemum.pdf', N'sample-steel-chrysanthemum.pdf', 1, N'APPROVED', CAST(N'2026-05-15T03:09:39.293' AS DateTime), NULL, 6, 1, 0, CAST(N'2026-05-12T03:09:39.293' AS DateTime), CAST(N'2026-05-20T21:00:00.297' AS DateTime))
SET IDENTITY_INSERT [dbo].[Proposal] OFF
GO
SET IDENTITY_INSERT [dbo].[Series] ON 

INSERT [dbo].[Series] ([id], [proposalId], [mangakaId], [tantouEditorId], [title], [genre], [status], [publicationDate], [createdAt]) VALUES (0, 0, 1, 6, N'Shadows of Edo', N'Action', N'ACTIVE', CAST(N'2026-07-26' AS Date), CAST(N'2026-05-27T03:09:39.407' AS DateTime))
INSERT [dbo].[Series] ([id], [proposalId], [mangakaId], [tantouEditorId], [title], [genre], [status], [publicationDate], [createdAt]) VALUES (1, 2, 12, 22, N'Celestial Kitchen', N'Fantasy', N'ACTIVE', CAST(N'2026-07-11' AS Date), CAST(N'2026-05-12T03:09:39.407' AS DateTime))
INSERT [dbo].[Series] ([id], [proposalId], [mangakaId], [tantouEditorId], [title], [genre], [status], [publicationDate], [createdAt]) VALUES (2, 3, 13, 6, N'Neon Lotus High', N'Drama', N'ACTIVE', CAST(N'2026-07-16' AS Date), CAST(N'2026-05-18T03:09:39.407' AS DateTime))
INSERT [dbo].[Series] ([id], [proposalId], [mangakaId], [tantouEditorId], [title], [genre], [status], [publicationDate], [createdAt]) VALUES (3, 10, 12, 22, N'Shadows of Tokyo', N'Thriller', N'ACTIVE', CAST(N'2026-07-11' AS Date), CAST(N'2026-05-02T03:09:39.407' AS DateTime))
INSERT [dbo].[Series] ([id], [proposalId], [mangakaId], [tantouEditorId], [title], [genre], [status], [publicationDate], [createdAt]) VALUES (4, 1, 1, 6, N'Cyber Ronin', N'Action', N'ACTIVE', NULL, CAST(N'2026-06-11T21:00:00.287' AS DateTime))
INSERT [dbo].[Series] ([id], [proposalId], [mangakaId], [tantouEditorId], [title], [genre], [status], [publicationDate], [createdAt]) VALUES (5, 11, 1, 6, N'Nightfall Samurai', N'Action', N'ACTIVE', NULL, CAST(N'2026-06-01T21:00:00.287' AS DateTime))
INSERT [dbo].[Series] ([id], [proposalId], [mangakaId], [tantouEditorId], [title], [genre], [status], [publicationDate], [createdAt]) VALUES (6, 12, 1, 6, N'Steel Chrysanthemum', N'Action', N'ACTIVE', CAST(N'2026-07-05' AS Date), CAST(N'2026-05-20T21:00:00.287' AS DateTime))
SET IDENTITY_INSERT [dbo].[Series] OFF
GO
SET IDENTITY_INSERT [dbo].[Chapter] ON 

INSERT [dbo].[Chapter] ([id], [seriesId], [chapterNumber], [title], [status], [submissionDeadline], [publicationDate], [completionPct], [atRisk], [totalPages], [createdAt]) VALUES (0, 0, 1, N'The Broken Blade', N'COMPLETE', CAST(N'2026-07-12' AS Date), CAST(N'2026-07-26' AS Date), CAST(100.00 AS Decimal(5, 2)), 0, NULL, CAST(N'2026-05-27T03:09:39.457' AS DateTime))
INSERT [dbo].[Chapter] ([id], [seriesId], [chapterNumber], [title], [status], [submissionDeadline], [publicationDate], [completionPct], [atRisk], [totalPages], [createdAt]) VALUES (1, 0, 2, N'River of Shadows', N'IN_PROGRESS', CAST(N'2026-08-11' AS Date), CAST(N'2026-08-25' AS Date), CAST(65.00 AS Decimal(5, 2)), 0, NULL, CAST(N'2026-05-27T03:09:39.457' AS DateTime))
INSERT [dbo].[Chapter] ([id], [seriesId], [chapterNumber], [title], [status], [submissionDeadline], [publicationDate], [completionPct], [atRisk], [totalPages], [createdAt]) VALUES (2, 1, 1, N'Soup for the Moon Rabbit', N'EDITORIAL_REVIEW', CAST(N'2026-06-27' AS Date), CAST(N'2026-07-11' AS Date), CAST(100.00 AS Decimal(5, 2)), 0, NULL, CAST(N'2026-05-27T03:09:39.457' AS DateTime))
INSERT [dbo].[Chapter] ([id], [seriesId], [chapterNumber], [title], [status], [submissionDeadline], [publicationDate], [completionPct], [atRisk], [totalPages], [createdAt]) VALUES (3, 1, 2, N'The Spice Map', N'PLANNING', CAST(N'2026-07-27' AS Date), CAST(N'2026-08-10' AS Date), CAST(0.00 AS Decimal(5, 2)), 0, NULL, CAST(N'2026-05-27T03:09:39.457' AS DateTime))
INSERT [dbo].[Chapter] ([id], [seriesId], [chapterNumber], [title], [status], [submissionDeadline], [publicationDate], [completionPct], [atRisk], [totalPages], [createdAt]) VALUES (4, 1, 3, N'The Secret Recipe', N'PLANNING', CAST(N'2026-06-11' AS Date), CAST(N'2026-06-25' AS Date), CAST(0.00 AS Decimal(5, 2)), 1, NULL, CAST(N'2026-05-27T03:09:39.460' AS DateTime))
INSERT [dbo].[Chapter] ([id], [seriesId], [chapterNumber], [title], [status], [submissionDeadline], [publicationDate], [completionPct], [atRisk], [totalPages], [createdAt]) VALUES (5, 1, 4, N'Culinary Competition', N'PLANNING', CAST(N'2026-06-18' AS Date), CAST(N'2026-07-02' AS Date), CAST(10.00 AS Decimal(5, 2)), 0, NULL, CAST(N'2026-05-27T03:09:39.460' AS DateTime))
INSERT [dbo].[Chapter] ([id], [seriesId], [chapterNumber], [title], [status], [submissionDeadline], [publicationDate], [completionPct], [atRisk], [totalPages], [createdAt]) VALUES (6, 2, 1, N'First Bell in Neon Rain', N'REJECTED', CAST(N'2026-07-02' AS Date), CAST(N'2026-07-16' AS Date), CAST(0.00 AS Decimal(5, 2)), 0, NULL, CAST(N'2026-05-27T03:09:39.460' AS DateTime))
INSERT [dbo].[Chapter] ([id], [seriesId], [chapterNumber], [title], [status], [submissionDeadline], [publicationDate], [completionPct], [atRisk], [totalPages], [createdAt]) VALUES (7, 2, 2, N'Graffiti Exam', N'PLANNING', CAST(N'2026-08-01' AS Date), CAST(N'2026-08-15' AS Date), CAST(0.00 AS Decimal(5, 2)), 0, NULL, CAST(N'2026-05-27T03:09:39.460' AS DateTime))
INSERT [dbo].[Chapter] ([id], [seriesId], [chapterNumber], [title], [status], [submissionDeadline], [publicationDate], [completionPct], [atRisk], [totalPages], [createdAt]) VALUES (8, 2, 3, N'City Lights Descend', N'EDITORIAL_REVIEW', CAST(N'2026-06-04' AS Date), CAST(N'2026-06-18' AS Date), CAST(0.00 AS Decimal(5, 2)), 0, NULL, CAST(N'2026-05-27T03:09:39.460' AS DateTime))
INSERT [dbo].[Chapter] ([id], [seriesId], [chapterNumber], [title], [status], [submissionDeadline], [publicationDate], [completionPct], [atRisk], [totalPages], [createdAt]) VALUES (9, 2, 4, N'A New Dawn', N'COMPLETE', CAST(N'2026-06-11' AS Date), CAST(N'2026-06-25' AS Date), CAST(100.00 AS Decimal(5, 2)), 0, NULL, CAST(N'2026-05-27T03:09:39.460' AS DateTime))
INSERT [dbo].[Chapter] ([id], [seriesId], [chapterNumber], [title], [status], [submissionDeadline], [publicationDate], [completionPct], [atRisk], [totalPages], [createdAt]) VALUES (10, 2, 5, N'Reflection and Resolve', N'APPROVED', CAST(N'2026-06-06' AS Date), CAST(N'2026-06-20' AS Date), CAST(100.00 AS Decimal(5, 2)), 0, NULL, CAST(N'2026-05-27T03:09:39.460' AS DateTime))
INSERT [dbo].[Chapter] ([id], [seriesId], [chapterNumber], [title], [status], [submissionDeadline], [publicationDate], [completionPct], [atRisk], [totalPages], [createdAt]) VALUES (11, 2, 6, N'Echoes of Fate', N'COMPLETE', CAST(N'2026-05-10' AS Date), CAST(N'2026-05-24' AS Date), CAST(100.00 AS Decimal(5, 2)), 0, NULL, CAST(N'2026-05-27T03:09:39.460' AS DateTime))
INSERT [dbo].[Chapter] ([id], [seriesId], [chapterNumber], [title], [status], [submissionDeadline], [publicationDate], [completionPct], [atRisk], [totalPages], [createdAt]) VALUES (12, 3, 1, N'The Vigilante Emerges', N'PLANNING', CAST(N'2026-06-02' AS Date), CAST(N'2026-06-16' AS Date), CAST(0.00 AS Decimal(5, 2)), 1, NULL, CAST(N'2026-05-27T03:09:39.460' AS DateTime))
INSERT [dbo].[Chapter] ([id], [seriesId], [chapterNumber], [title], [status], [submissionDeadline], [publicationDate], [completionPct], [atRisk], [totalPages], [createdAt]) VALUES (13, 3, 2, N'Underground Network', N'PLANNING', CAST(N'2026-06-09' AS Date), CAST(N'2026-06-23' AS Date), CAST(20.00 AS Decimal(5, 2)), 0, NULL, CAST(N'2026-05-27T03:09:39.460' AS DateTime))
INSERT [dbo].[Chapter] ([id], [seriesId], [chapterNumber], [title], [status], [submissionDeadline], [publicationDate], [completionPct], [atRisk], [totalPages], [createdAt]) VALUES (14, 4, 1, N'Rain-Slick Rooftops', N'PLANNING', CAST(N'2026-08-15' AS Date), CAST(N'2026-08-29' AS Date), CAST(0.00 AS Decimal(5, 2)), 0, NULL, CAST(N'2026-07-01T09:00:00.000' AS DateTime))
INSERT [dbo].[Chapter] ([id], [seriesId], [chapterNumber], [title], [status], [submissionDeadline], [publicationDate], [completionPct], [atRisk], [totalPages], [createdAt]) VALUES (16, 5, 1, N'The Silent Blade Awakens', N'PLANNING', CAST(N'2026-09-10' AS Date), CAST(N'2026-09-24' AS Date), CAST(0.00 AS Decimal(5, 2)), 0, NULL, CAST(N'2026-07-15T09:00:00.000' AS DateTime))
INSERT [dbo].[Chapter] ([id], [seriesId], [chapterNumber], [title], [status], [submissionDeadline], [publicationDate], [completionPct], [atRisk], [totalPages], [createdAt]) VALUES (17, 5, 2, N'Whispers of the Ronin', N'IN_PROGRESS', CAST(N'2026-08-01' AS Date), CAST(N'2026-08-15' AS Date), CAST(30.00 AS Decimal(5, 2)), 0, NULL, CAST(N'2026-07-08T09:00:00.000' AS DateTime))
INSERT [dbo].[Chapter] ([id], [seriesId], [chapterNumber], [title], [status], [submissionDeadline], [publicationDate], [completionPct], [atRisk], [totalPages], [createdAt]) VALUES (18, 5, 3, N'Crossroads of Honor', N'IN_PROGRESS', CAST(N'2026-07-28' AS Date), CAST(N'2026-08-11' AS Date), CAST(50.00 AS Decimal(5, 2)), 0, NULL, CAST(N'2026-06-25T09:00:00.000' AS DateTime))
INSERT [dbo].[Chapter] ([id], [seriesId], [chapterNumber], [title], [status], [submissionDeadline], [publicationDate], [completionPct], [atRisk], [totalPages], [createdAt]) VALUES (19, 5, 4, N'The Fractured Oath', N'IN_PROGRESS', CAST(N'2026-07-22' AS Date), CAST(N'2026-08-05' AS Date), CAST(70.00 AS Decimal(5, 2)), 0, NULL, CAST(N'2026-06-15T09:00:00.000' AS DateTime))
INSERT [dbo].[Chapter] ([id], [seriesId], [chapterNumber], [title], [status], [submissionDeadline], [publicationDate], [completionPct], [atRisk], [totalPages], [createdAt]) VALUES (20, 5, 5, N'Dawn of the Wandering Blade', N'COMPLETE', CAST(N'2026-07-05' AS Date), CAST(N'2026-07-19' AS Date), CAST(100.00 AS Decimal(5, 2)), 0, NULL, CAST(N'2026-06-01T09:00:00.000' AS DateTime))
INSERT [dbo].[Chapter] ([id], [seriesId], [chapterNumber], [title], [status], [submissionDeadline], [publicationDate], [completionPct], [atRisk], [totalPages], [createdAt]) VALUES (21, 6, 1, N'The Last Ember Forged', N'COMPLETE', CAST(N'2026-06-20' AS Date), CAST(N'2026-07-05' AS Date), CAST(100.00 AS Decimal(5, 2)), 0, NULL, CAST(N'2026-06-01T09:00:00.000' AS DateTime))
SET IDENTITY_INSERT [dbo].[Chapter] OFF
GO
SET IDENTITY_INSERT [dbo].[Page] ON 

INSERT [dbo].[Page] ([id], [chapterId], [pageNumber], [imageUrl], [uploadedBy], [uploadedAt], [status], [createdAt], [completedStage]) VALUES (1, 0, 1, N'/img/chapter/page_1779996497633.png', 1, CAST(N'2026-05-29T02:37:53.050' AS DateTime), N'APPROVED', CAST(N'2026-05-29T02:25:28.650' AS DateTime), N'LETTERING')
INSERT [dbo].[Page] ([id], [chapterId], [pageNumber], [imageUrl], [uploadedBy], [uploadedAt], [status], [createdAt], [completedStage]) VALUES (2, 0, 2, N'/img/chapter/page_1779996504515.png', 1, CAST(N'2026-05-29T02:37:53.150' AS DateTime), N'APPROVED', CAST(N'2026-05-29T02:25:31.453' AS DateTime), N'LETTERING')
INSERT [dbo].[Page] ([id], [chapterId], [pageNumber], [imageUrl], [uploadedBy], [uploadedAt], [status], [createdAt], [completedStage]) VALUES (3, 0, 3, N'/img/chapter/page_1779996513546.png', 1, CAST(N'2026-05-29T02:37:53.257' AS DateTime), N'APPROVED', CAST(N'2026-05-29T02:25:31.817' AS DateTime), N'LETTERING')
INSERT [dbo].[Page] ([id], [chapterId], [pageNumber], [imageUrl], [uploadedBy], [uploadedAt], [status], [createdAt], [completedStage]) VALUES (4, 0, 4, N'/img/chapter/page_1779996523577.png', 1, CAST(N'2026-05-29T02:37:53.350' AS DateTime), N'APPROVED', CAST(N'2026-05-29T02:25:33.290' AS DateTime), N'LETTERING')
INSERT [dbo].[Page] ([id], [chapterId], [pageNumber], [imageUrl], [uploadedBy], [uploadedAt], [status], [createdAt], [completedStage]) VALUES (5, 0, 5, N'/img/chapter/page_1779996528832.png', 1, CAST(N'2026-05-29T02:37:53.430' AS DateTime), N'APPROVED', CAST(N'2026-05-29T02:25:34.700' AS DateTime), N'LETTERING')
INSERT [dbo].[Page] ([id], [chapterId], [pageNumber], [imageUrl], [uploadedBy], [uploadedAt], [status], [createdAt], [completedStage]) VALUES (6, 1, 1, N'/img/chapter/demo/coloring_1.jpg', 1, CAST(N'2026-06-26T10:00:00.000' AS DateTime), N'APPROVED', CAST(N'2026-05-10T03:09:39.457' AS DateTime), N'COLORING')
INSERT [dbo].[Page] ([id], [chapterId], [pageNumber], [imageUrl], [uploadedBy], [uploadedAt], [status], [createdAt], [completedStage]) VALUES (7, 1, 2, N'/img/chapter/demo/sketching_4.jpg', 2, CAST(N'2026-06-06T10:00:00.000' AS DateTime), N'APPROVED', CAST(N'2026-05-10T03:09:39.457' AS DateTime), N'COLORING')
INSERT [dbo].[Page] ([id], [chapterId], [pageNumber], [imageUrl], [uploadedBy], [uploadedAt], [status], [createdAt], [completedStage]) VALUES (8, 1, 3, N'/img/chapter/demo/sketching_6.jpg', 3, CAST(N'2026-05-24T10:00:00.000' AS DateTime), N'APPROVED', CAST(N'2026-05-10T03:09:39.457' AS DateTime), N'INKING')
INSERT [dbo].[Page] ([id], [chapterId], [pageNumber], [imageUrl], [uploadedBy], [uploadedAt], [status], [createdAt], [completedStage]) VALUES (9, 1, 4, N'/img/chapter/demo/sketching_8.jpg', 3, CAST(N'2026-05-15T10:00:00.000' AS DateTime), N'APPROVED', CAST(N'2026-05-10T03:09:39.457' AS DateTime), N'SKETCHING')
INSERT [dbo].[Page] ([id], [chapterId], [pageNumber], [imageUrl], [uploadedBy], [uploadedAt], [status], [createdAt], [completedStage]) VALUES (10, 1, 5, N'/img/chapter/demo/sketching_9.jpg', 3, CAST(N'2026-07-02T10:00:00.000' AS DateTime), N'IN_PROGRESS', CAST(N'2026-05-10T03:09:39.457' AS DateTime), N'SKETCHING')
INSERT [dbo].[Page] ([id], [chapterId], [pageNumber], [imageUrl], [uploadedBy], [uploadedAt], [status], [createdAt], [completedStage]) VALUES (51, 17, 1, N'/img/chapter/demo/lettering_1.jpg', 1, CAST(N'2026-07-01T09:00:00.000' AS DateTime), N'APPROVED', CAST(N'2026-07-08T09:05:00.000' AS DateTime), N'LETTERING')
INSERT [dbo].[Page] ([id], [chapterId], [pageNumber], [imageUrl], [uploadedBy], [uploadedAt], [status], [createdAt], [completedStage]) VALUES (52, 17, 2, N'/img/chapter/demo/screentone_1.png', 1, CAST(N'2026-07-02T10:00:00.000' AS DateTime), N'APPROVED', CAST(N'2026-07-08T09:05:00.000' AS DateTime), N'LETTERING')
INSERT [dbo].[Page] ([id], [chapterId], [pageNumber], [imageUrl], [uploadedBy], [uploadedAt], [status], [createdAt], [completedStage]) VALUES (53, 17, 3, N'/img/chapter/demo/inking_1.jpg', 1, CAST(N'2026-07-03T11:00:00.000' AS DateTime), N'APPROVED', CAST(N'2026-07-08T09:05:00.000' AS DateTime), N'LETTERING')
INSERT [dbo].[Page] ([id], [chapterId], [pageNumber], [imageUrl], [uploadedBy], [uploadedAt], [status], [createdAt], [completedStage]) VALUES (54, 17, 4, N'/img/chapter/demo/coloring_1.jpg', 1, CAST(N'2026-07-04T12:00:00.000' AS DateTime), N'APPROVED', CAST(N'2026-07-08T09:05:00.000' AS DateTime), N'LETTERING')
INSERT [dbo].[Page] ([id], [chapterId], [pageNumber], [imageUrl], [uploadedBy], [uploadedAt], [status], [createdAt], [completedStage]) VALUES (55, 17, 5, N'/img/chapter/demo/sketching_1.jpg', 1, CAST(N'2026-07-05T13:00:00.000' AS DateTime), N'APPROVED', CAST(N'2026-07-08T09:05:00.000' AS DateTime), N'LETTERING')
INSERT [dbo].[Page] ([id], [chapterId], [pageNumber], [imageUrl], [uploadedBy], [uploadedAt], [status], [createdAt], [completedStage]) VALUES (56, 17, 6, N'/img/chapter/demo/sketching_2.jpg', 1, CAST(N'2026-07-06T14:00:00.000' AS DateTime), N'APPROVED', CAST(N'2026-07-08T09:05:00.000' AS DateTime), N'LETTERING')
INSERT [dbo].[Page] ([id], [chapterId], [pageNumber], [imageUrl], [uploadedBy], [uploadedAt], [status], [createdAt], [completedStage]) VALUES (57, 17, 7, NULL, NULL, NULL, N'EMPTY', CAST(N'2026-07-08T09:05:00.000' AS DateTime), NULL)
INSERT [dbo].[Page] ([id], [chapterId], [pageNumber], [imageUrl], [uploadedBy], [uploadedAt], [status], [createdAt], [completedStage]) VALUES (58, 17, 8, NULL, NULL, NULL, N'EMPTY', CAST(N'2026-07-08T09:05:00.000' AS DateTime), NULL)
INSERT [dbo].[Page] ([id], [chapterId], [pageNumber], [imageUrl], [uploadedBy], [uploadedAt], [status], [createdAt], [completedStage]) VALUES (59, 17, 9, NULL, NULL, NULL, N'EMPTY', CAST(N'2026-07-08T09:05:00.000' AS DateTime), NULL)
INSERT [dbo].[Page] ([id], [chapterId], [pageNumber], [imageUrl], [uploadedBy], [uploadedAt], [status], [createdAt], [completedStage]) VALUES (60, 17, 10, NULL, NULL, NULL, N'EMPTY', CAST(N'2026-07-08T09:05:00.000' AS DateTime), NULL)
INSERT [dbo].[Page] ([id], [chapterId], [pageNumber], [imageUrl], [uploadedBy], [uploadedAt], [status], [createdAt], [completedStage]) VALUES (61, 17, 11, NULL, NULL, NULL, N'EMPTY', CAST(N'2026-07-08T09:05:00.000' AS DateTime), NULL)
INSERT [dbo].[Page] ([id], [chapterId], [pageNumber], [imageUrl], [uploadedBy], [uploadedAt], [status], [createdAt], [completedStage]) VALUES (62, 17, 12, NULL, NULL, NULL, N'EMPTY', CAST(N'2026-07-08T09:05:00.000' AS DateTime), NULL)
INSERT [dbo].[Page] ([id], [chapterId], [pageNumber], [imageUrl], [uploadedBy], [uploadedAt], [status], [createdAt], [completedStage]) VALUES (63, 17, 13, NULL, NULL, NULL, N'EMPTY', CAST(N'2026-07-08T09:05:00.000' AS DateTime), NULL)
INSERT [dbo].[Page] ([id], [chapterId], [pageNumber], [imageUrl], [uploadedBy], [uploadedAt], [status], [createdAt], [completedStage]) VALUES (64, 17, 14, NULL, NULL, NULL, N'EMPTY', CAST(N'2026-07-08T09:05:00.000' AS DateTime), NULL)
INSERT [dbo].[Page] ([id], [chapterId], [pageNumber], [imageUrl], [uploadedBy], [uploadedAt], [status], [createdAt], [completedStage]) VALUES (65, 17, 15, NULL, NULL, NULL, N'EMPTY', CAST(N'2026-07-08T09:05:00.000' AS DateTime), NULL)
INSERT [dbo].[Page] ([id], [chapterId], [pageNumber], [imageUrl], [uploadedBy], [uploadedAt], [status], [createdAt], [completedStage]) VALUES (66, 17, 16, NULL, NULL, NULL, N'EMPTY', CAST(N'2026-07-08T09:05:00.000' AS DateTime), NULL)
INSERT [dbo].[Page] ([id], [chapterId], [pageNumber], [imageUrl], [uploadedBy], [uploadedAt], [status], [createdAt], [completedStage]) VALUES (67, 17, 17, NULL, NULL, NULL, N'EMPTY', CAST(N'2026-07-08T09:05:00.000' AS DateTime), NULL)
INSERT [dbo].[Page] ([id], [chapterId], [pageNumber], [imageUrl], [uploadedBy], [uploadedAt], [status], [createdAt], [completedStage]) VALUES (68, 17, 18, NULL, NULL, NULL, N'EMPTY', CAST(N'2026-07-08T09:05:00.000' AS DateTime), NULL)
INSERT [dbo].[Page] ([id], [chapterId], [pageNumber], [imageUrl], [uploadedBy], [uploadedAt], [status], [createdAt], [completedStage]) VALUES (69, 17, 19, NULL, NULL, NULL, N'EMPTY', CAST(N'2026-07-08T09:05:00.000' AS DateTime), NULL)
INSERT [dbo].[Page] ([id], [chapterId], [pageNumber], [imageUrl], [uploadedBy], [uploadedAt], [status], [createdAt], [completedStage]) VALUES (70, 17, 20, NULL, NULL, NULL, N'EMPTY', CAST(N'2026-07-08T09:05:00.000' AS DateTime), NULL)
INSERT [dbo].[Page] ([id], [chapterId], [pageNumber], [imageUrl], [uploadedBy], [uploadedAt], [status], [createdAt], [completedStage]) VALUES (71, 18, 1, N'/img/chapter/demo/lettering_1.jpg', 1, CAST(N'2026-07-01T09:00:00.000' AS DateTime), N'APPROVED', CAST(N'2026-06-25T09:05:00.000' AS DateTime), N'LETTERING')
INSERT [dbo].[Page] ([id], [chapterId], [pageNumber], [imageUrl], [uploadedBy], [uploadedAt], [status], [createdAt], [completedStage]) VALUES (72, 18, 2, N'/img/chapter/demo/screentone_1.png', 1, CAST(N'2026-07-02T10:00:00.000' AS DateTime), N'APPROVED', CAST(N'2026-06-25T09:05:00.000' AS DateTime), N'LETTERING')
INSERT [dbo].[Page] ([id], [chapterId], [pageNumber], [imageUrl], [uploadedBy], [uploadedAt], [status], [createdAt], [completedStage]) VALUES (73, 18, 3, N'/img/chapter/demo/inking_1.jpg', 1, CAST(N'2026-07-03T11:00:00.000' AS DateTime), N'APPROVED', CAST(N'2026-06-25T09:05:00.000' AS DateTime), N'LETTERING')
INSERT [dbo].[Page] ([id], [chapterId], [pageNumber], [imageUrl], [uploadedBy], [uploadedAt], [status], [createdAt], [completedStage]) VALUES (74, 18, 4, N'/img/chapter/demo/coloring_1.jpg', 1, CAST(N'2026-07-04T12:00:00.000' AS DateTime), N'APPROVED', CAST(N'2026-06-25T09:05:00.000' AS DateTime), N'LETTERING')
INSERT [dbo].[Page] ([id], [chapterId], [pageNumber], [imageUrl], [uploadedBy], [uploadedAt], [status], [createdAt], [completedStage]) VALUES (75, 18, 5, N'/img/chapter/demo/sketching_1.jpg', 1, CAST(N'2026-07-05T13:00:00.000' AS DateTime), N'APPROVED', CAST(N'2026-06-25T09:05:00.000' AS DateTime), N'LETTERING')
INSERT [dbo].[Page] ([id], [chapterId], [pageNumber], [imageUrl], [uploadedBy], [uploadedAt], [status], [createdAt], [completedStage]) VALUES (76, 18, 6, N'/img/chapter/demo/sketching_2.jpg', 1, CAST(N'2026-07-06T14:00:00.000' AS DateTime), N'APPROVED', CAST(N'2026-06-25T09:05:00.000' AS DateTime), N'LETTERING')
INSERT [dbo].[Page] ([id], [chapterId], [pageNumber], [imageUrl], [uploadedBy], [uploadedAt], [status], [createdAt], [completedStage]) VALUES (77, 18, 7, N'/img/chapter/demo/sketching_3.jpg', 1, CAST(N'2026-07-07T15:00:00.000' AS DateTime), N'APPROVED', CAST(N'2026-06-25T09:05:00.000' AS DateTime), N'LETTERING')
INSERT [dbo].[Page] ([id], [chapterId], [pageNumber], [imageUrl], [uploadedBy], [uploadedAt], [status], [createdAt], [completedStage]) VALUES (78, 18, 8, N'/img/chapter/demo/sketching_4.jpg', 1, CAST(N'2026-07-01T16:00:00.000' AS DateTime), N'APPROVED', CAST(N'2026-06-25T09:05:00.000' AS DateTime), N'LETTERING')
INSERT [dbo].[Page] ([id], [chapterId], [pageNumber], [imageUrl], [uploadedBy], [uploadedAt], [status], [createdAt], [completedStage]) VALUES (79, 18, 9, N'/img/chapter/demo/sketching_5.jpg', 1, CAST(N'2026-07-01T17:00:00.000' AS DateTime), N'APPROVED', CAST(N'2026-06-25T09:05:00.000' AS DateTime), N'LETTERING')
INSERT [dbo].[Page] ([id], [chapterId], [pageNumber], [imageUrl], [uploadedBy], [uploadedAt], [status], [createdAt], [completedStage]) VALUES (80, 18, 10, N'/img/chapter/demo/sketching_6.jpg', 1, CAST(N'2026-07-02T18:00:00.000' AS DateTime), N'APPROVED', CAST(N'2026-06-25T09:05:00.000' AS DateTime), N'LETTERING')
INSERT [dbo].[Page] ([id], [chapterId], [pageNumber], [imageUrl], [uploadedBy], [uploadedAt], [status], [createdAt], [completedStage]) VALUES (81, 18, 11, NULL, NULL, NULL, N'EMPTY', CAST(N'2026-06-25T09:05:00.000' AS DateTime), NULL)
INSERT [dbo].[Page] ([id], [chapterId], [pageNumber], [imageUrl], [uploadedBy], [uploadedAt], [status], [createdAt], [completedStage]) VALUES (82, 18, 12, NULL, NULL, NULL, N'EMPTY', CAST(N'2026-06-25T09:05:00.000' AS DateTime), NULL)
INSERT [dbo].[Page] ([id], [chapterId], [pageNumber], [imageUrl], [uploadedBy], [uploadedAt], [status], [createdAt], [completedStage]) VALUES (83, 18, 13, NULL, NULL, NULL, N'EMPTY', CAST(N'2026-06-25T09:05:00.000' AS DateTime), NULL)
INSERT [dbo].[Page] ([id], [chapterId], [pageNumber], [imageUrl], [uploadedBy], [uploadedAt], [status], [createdAt], [completedStage]) VALUES (84, 18, 14, NULL, NULL, NULL, N'EMPTY', CAST(N'2026-06-25T09:05:00.000' AS DateTime), NULL)
INSERT [dbo].[Page] ([id], [chapterId], [pageNumber], [imageUrl], [uploadedBy], [uploadedAt], [status], [createdAt], [completedStage]) VALUES (85, 18, 15, NULL, NULL, NULL, N'EMPTY', CAST(N'2026-06-25T09:05:00.000' AS DateTime), NULL)
INSERT [dbo].[Page] ([id], [chapterId], [pageNumber], [imageUrl], [uploadedBy], [uploadedAt], [status], [createdAt], [completedStage]) VALUES (86, 18, 16, NULL, NULL, NULL, N'EMPTY', CAST(N'2026-06-25T09:05:00.000' AS DateTime), NULL)
INSERT [dbo].[Page] ([id], [chapterId], [pageNumber], [imageUrl], [uploadedBy], [uploadedAt], [status], [createdAt], [completedStage]) VALUES (87, 18, 17, NULL, NULL, NULL, N'EMPTY', CAST(N'2026-06-25T09:05:00.000' AS DateTime), NULL)
INSERT [dbo].[Page] ([id], [chapterId], [pageNumber], [imageUrl], [uploadedBy], [uploadedAt], [status], [createdAt], [completedStage]) VALUES (88, 18, 18, NULL, NULL, NULL, N'EMPTY', CAST(N'2026-06-25T09:05:00.000' AS DateTime), NULL)
INSERT [dbo].[Page] ([id], [chapterId], [pageNumber], [imageUrl], [uploadedBy], [uploadedAt], [status], [createdAt], [completedStage]) VALUES (89, 18, 19, NULL, NULL, NULL, N'EMPTY', CAST(N'2026-06-25T09:05:00.000' AS DateTime), NULL)
INSERT [dbo].[Page] ([id], [chapterId], [pageNumber], [imageUrl], [uploadedBy], [uploadedAt], [status], [createdAt], [completedStage]) VALUES (90, 18, 20, NULL, NULL, NULL, N'EMPTY', CAST(N'2026-06-25T09:05:00.000' AS DateTime), NULL)
INSERT [dbo].[Page] ([id], [chapterId], [pageNumber], [imageUrl], [uploadedBy], [uploadedAt], [status], [createdAt], [completedStage]) VALUES (91, 19, 1, N'/img/chapter/demo/lettering_1.jpg', 1, CAST(N'2026-07-01T09:00:00.000' AS DateTime), N'APPROVED', CAST(N'2026-06-15T09:05:00.000' AS DateTime), N'LETTERING')
INSERT [dbo].[Page] ([id], [chapterId], [pageNumber], [imageUrl], [uploadedBy], [uploadedAt], [status], [createdAt], [completedStage]) VALUES (92, 19, 2, N'/img/chapter/demo/screentone_1.png', 1, CAST(N'2026-07-02T10:00:00.000' AS DateTime), N'APPROVED', CAST(N'2026-06-15T09:05:00.000' AS DateTime), N'LETTERING')
INSERT [dbo].[Page] ([id], [chapterId], [pageNumber], [imageUrl], [uploadedBy], [uploadedAt], [status], [createdAt], [completedStage]) VALUES (93, 19, 3, N'/img/chapter/demo/inking_1.jpg', 1, CAST(N'2026-07-03T11:00:00.000' AS DateTime), N'APPROVED', CAST(N'2026-06-15T09:05:00.000' AS DateTime), N'LETTERING')
INSERT [dbo].[Page] ([id], [chapterId], [pageNumber], [imageUrl], [uploadedBy], [uploadedAt], [status], [createdAt], [completedStage]) VALUES (94, 19, 4, N'/img/chapter/demo/coloring_1.jpg', 1, CAST(N'2026-07-04T12:00:00.000' AS DateTime), N'APPROVED', CAST(N'2026-06-15T09:05:00.000' AS DateTime), N'LETTERING')
INSERT [dbo].[Page] ([id], [chapterId], [pageNumber], [imageUrl], [uploadedBy], [uploadedAt], [status], [createdAt], [completedStage]) VALUES (95, 19, 5, N'/img/chapter/demo/sketching_1.jpg', 1, CAST(N'2026-07-05T13:00:00.000' AS DateTime), N'APPROVED', CAST(N'2026-06-15T09:05:00.000' AS DateTime), N'LETTERING')
INSERT [dbo].[Page] ([id], [chapterId], [pageNumber], [imageUrl], [uploadedBy], [uploadedAt], [status], [createdAt], [completedStage]) VALUES (96, 19, 6, N'/img/chapter/demo/sketching_2.jpg', 1, CAST(N'2026-07-06T14:00:00.000' AS DateTime), N'APPROVED', CAST(N'2026-06-15T09:05:00.000' AS DateTime), N'LETTERING')
INSERT [dbo].[Page] ([id], [chapterId], [pageNumber], [imageUrl], [uploadedBy], [uploadedAt], [status], [createdAt], [completedStage]) VALUES (97, 19, 7, N'/img/chapter/demo/sketching_3.jpg', 1, CAST(N'2026-07-07T15:00:00.000' AS DateTime), N'APPROVED', CAST(N'2026-06-15T09:05:00.000' AS DateTime), N'LETTERING')
INSERT [dbo].[Page] ([id], [chapterId], [pageNumber], [imageUrl], [uploadedBy], [uploadedAt], [status], [createdAt], [completedStage]) VALUES (98, 19, 8, N'/img/chapter/demo/sketching_4.jpg', 1, CAST(N'2026-07-01T16:00:00.000' AS DateTime), N'APPROVED', CAST(N'2026-06-15T09:05:00.000' AS DateTime), N'LETTERING')
INSERT [dbo].[Page] ([id], [chapterId], [pageNumber], [imageUrl], [uploadedBy], [uploadedAt], [status], [createdAt], [completedStage]) VALUES (99, 19, 9, N'/img/chapter/demo/sketching_5.jpg', 1, CAST(N'2026-07-01T17:00:00.000' AS DateTime), N'APPROVED', CAST(N'2026-06-15T09:05:00.000' AS DateTime), N'LETTERING')
INSERT [dbo].[Page] ([id], [chapterId], [pageNumber], [imageUrl], [uploadedBy], [uploadedAt], [status], [createdAt], [completedStage]) VALUES (100, 19, 10, N'/img/chapter/demo/sketching_6.jpg', 1, CAST(N'2026-07-02T18:00:00.000' AS DateTime), N'APPROVED', CAST(N'2026-06-15T09:05:00.000' AS DateTime), N'LETTERING')
INSERT [dbo].[Page] ([id], [chapterId], [pageNumber], [imageUrl], [uploadedBy], [uploadedAt], [status], [createdAt], [completedStage]) VALUES (101, 19, 11, N'/img/chapter/demo/sketching_8.jpg', 1, CAST(N'2026-07-03T19:00:00.000' AS DateTime), N'APPROVED', CAST(N'2026-06-15T09:05:00.000' AS DateTime), N'LETTERING')
INSERT [dbo].[Page] ([id], [chapterId], [pageNumber], [imageUrl], [uploadedBy], [uploadedAt], [status], [createdAt], [completedStage]) VALUES (102, 19, 12, N'/img/chapter/demo/sketching_9.jpg', 1, CAST(N'2026-07-04T08:00:00.000' AS DateTime), N'APPROVED', CAST(N'2026-06-15T09:05:00.000' AS DateTime), N'LETTERING')
INSERT [dbo].[Page] ([id], [chapterId], [pageNumber], [imageUrl], [uploadedBy], [uploadedAt], [status], [createdAt], [completedStage]) VALUES (103, 19, 13, N'/img/chapter/demo/sketching_10.jpg', 1, CAST(N'2026-07-05T09:00:00.000' AS DateTime), N'APPROVED', CAST(N'2026-06-15T09:05:00.000' AS DateTime), N'LETTERING')
INSERT [dbo].[Page] ([id], [chapterId], [pageNumber], [imageUrl], [uploadedBy], [uploadedAt], [status], [createdAt], [completedStage]) VALUES (104, 19, 14, N'/img/chapter/demo/lettering_1.jpg', 1, CAST(N'2026-07-06T10:00:00.000' AS DateTime), N'APPROVED', CAST(N'2026-06-15T09:05:00.000' AS DateTime), N'LETTERING')
INSERT [dbo].[Page] ([id], [chapterId], [pageNumber], [imageUrl], [uploadedBy], [uploadedAt], [status], [createdAt], [completedStage]) VALUES (105, 19, 15, NULL, NULL, NULL, N'EMPTY', CAST(N'2026-06-15T09:05:00.000' AS DateTime), NULL)
INSERT [dbo].[Page] ([id], [chapterId], [pageNumber], [imageUrl], [uploadedBy], [uploadedAt], [status], [createdAt], [completedStage]) VALUES (106, 19, 16, NULL, NULL, NULL, N'EMPTY', CAST(N'2026-06-15T09:05:00.000' AS DateTime), NULL)
INSERT [dbo].[Page] ([id], [chapterId], [pageNumber], [imageUrl], [uploadedBy], [uploadedAt], [status], [createdAt], [completedStage]) VALUES (107, 19, 17, NULL, NULL, NULL, N'EMPTY', CAST(N'2026-06-15T09:05:00.000' AS DateTime), NULL)
INSERT [dbo].[Page] ([id], [chapterId], [pageNumber], [imageUrl], [uploadedBy], [uploadedAt], [status], [createdAt], [completedStage]) VALUES (108, 19, 18, NULL, NULL, NULL, N'EMPTY', CAST(N'2026-06-15T09:05:00.000' AS DateTime), NULL)
INSERT [dbo].[Page] ([id], [chapterId], [pageNumber], [imageUrl], [uploadedBy], [uploadedAt], [status], [createdAt], [completedStage]) VALUES (109, 19, 19, NULL, NULL, NULL, N'EMPTY', CAST(N'2026-06-15T09:05:00.000' AS DateTime), NULL)
INSERT [dbo].[Page] ([id], [chapterId], [pageNumber], [imageUrl], [uploadedBy], [uploadedAt], [status], [createdAt], [completedStage]) VALUES (110, 19, 20, NULL, NULL, NULL, N'EMPTY', CAST(N'2026-06-15T09:05:00.000' AS DateTime), NULL)
INSERT [dbo].[Page] ([id], [chapterId], [pageNumber], [imageUrl], [uploadedBy], [uploadedAt], [status], [createdAt], [completedStage]) VALUES (111, 20, 1, N'/img/chapter/demo/lettering_1.jpg', 1, CAST(N'2026-07-01T09:00:00.000' AS DateTime), N'APPROVED', CAST(N'2026-06-01T09:05:00.000' AS DateTime), N'LETTERING')
INSERT [dbo].[Page] ([id], [chapterId], [pageNumber], [imageUrl], [uploadedBy], [uploadedAt], [status], [createdAt], [completedStage]) VALUES (112, 20, 2, N'/img/chapter/demo/screentone_1.png', 1, CAST(N'2026-07-02T10:00:00.000' AS DateTime), N'APPROVED', CAST(N'2026-06-01T09:05:00.000' AS DateTime), N'LETTERING')
INSERT [dbo].[Page] ([id], [chapterId], [pageNumber], [imageUrl], [uploadedBy], [uploadedAt], [status], [createdAt], [completedStage]) VALUES (113, 20, 3, N'/img/chapter/demo/inking_1.jpg', 1, CAST(N'2026-07-03T11:00:00.000' AS DateTime), N'APPROVED', CAST(N'2026-06-01T09:05:00.000' AS DateTime), N'LETTERING')
INSERT [dbo].[Page] ([id], [chapterId], [pageNumber], [imageUrl], [uploadedBy], [uploadedAt], [status], [createdAt], [completedStage]) VALUES (114, 20, 4, N'/img/chapter/demo/coloring_1.jpg', 1, CAST(N'2026-07-04T12:00:00.000' AS DateTime), N'APPROVED', CAST(N'2026-06-01T09:05:00.000' AS DateTime), N'LETTERING')
INSERT [dbo].[Page] ([id], [chapterId], [pageNumber], [imageUrl], [uploadedBy], [uploadedAt], [status], [createdAt], [completedStage]) VALUES (115, 20, 5, N'/img/chapter/demo/sketching_1.jpg', 1, CAST(N'2026-07-05T13:00:00.000' AS DateTime), N'APPROVED', CAST(N'2026-06-01T09:05:00.000' AS DateTime), N'LETTERING')
INSERT [dbo].[Page] ([id], [chapterId], [pageNumber], [imageUrl], [uploadedBy], [uploadedAt], [status], [createdAt], [completedStage]) VALUES (116, 20, 6, N'/img/chapter/demo/sketching_2.jpg', 1, CAST(N'2026-07-06T14:00:00.000' AS DateTime), N'APPROVED', CAST(N'2026-06-01T09:05:00.000' AS DateTime), N'LETTERING')
INSERT [dbo].[Page] ([id], [chapterId], [pageNumber], [imageUrl], [uploadedBy], [uploadedAt], [status], [createdAt], [completedStage]) VALUES (117, 20, 7, N'/img/chapter/demo/sketching_3.jpg', 1, CAST(N'2026-07-07T15:00:00.000' AS DateTime), N'APPROVED', CAST(N'2026-06-01T09:05:00.000' AS DateTime), N'LETTERING')
INSERT [dbo].[Page] ([id], [chapterId], [pageNumber], [imageUrl], [uploadedBy], [uploadedAt], [status], [createdAt], [completedStage]) VALUES (118, 20, 8, N'/img/chapter/demo/sketching_4.jpg', 1, CAST(N'2026-07-01T16:00:00.000' AS DateTime), N'APPROVED', CAST(N'2026-06-01T09:05:00.000' AS DateTime), N'LETTERING')
INSERT [dbo].[Page] ([id], [chapterId], [pageNumber], [imageUrl], [uploadedBy], [uploadedAt], [status], [createdAt], [completedStage]) VALUES (119, 20, 9, N'/img/chapter/demo/sketching_5.jpg', 1, CAST(N'2026-07-01T17:00:00.000' AS DateTime), N'APPROVED', CAST(N'2026-06-01T09:05:00.000' AS DateTime), N'LETTERING')
INSERT [dbo].[Page] ([id], [chapterId], [pageNumber], [imageUrl], [uploadedBy], [uploadedAt], [status], [createdAt], [completedStage]) VALUES (120, 20, 10, N'/img/chapter/demo/sketching_6.jpg', 1, CAST(N'2026-07-02T18:00:00.000' AS DateTime), N'APPROVED', CAST(N'2026-06-01T09:05:00.000' AS DateTime), N'LETTERING')
INSERT [dbo].[Page] ([id], [chapterId], [pageNumber], [imageUrl], [uploadedBy], [uploadedAt], [status], [createdAt], [completedStage]) VALUES (121, 20, 11, N'/img/chapter/demo/sketching_8.jpg', 1, CAST(N'2026-07-03T19:00:00.000' AS DateTime), N'APPROVED', CAST(N'2026-06-01T09:05:00.000' AS DateTime), N'LETTERING')
INSERT [dbo].[Page] ([id], [chapterId], [pageNumber], [imageUrl], [uploadedBy], [uploadedAt], [status], [createdAt], [completedStage]) VALUES (122, 20, 12, N'/img/chapter/demo/sketching_9.jpg', 1, CAST(N'2026-07-04T08:00:00.000' AS DateTime), N'APPROVED', CAST(N'2026-06-01T09:05:00.000' AS DateTime), N'LETTERING')
INSERT [dbo].[Page] ([id], [chapterId], [pageNumber], [imageUrl], [uploadedBy], [uploadedAt], [status], [createdAt], [completedStage]) VALUES (123, 20, 13, N'/img/chapter/demo/sketching_10.jpg', 1, CAST(N'2026-07-05T09:00:00.000' AS DateTime), N'APPROVED', CAST(N'2026-06-01T09:05:00.000' AS DateTime), N'LETTERING')
INSERT [dbo].[Page] ([id], [chapterId], [pageNumber], [imageUrl], [uploadedBy], [uploadedAt], [status], [createdAt], [completedStage]) VALUES (124, 20, 14, N'/img/chapter/demo/lettering_1.jpg', 1, CAST(N'2026-07-06T10:00:00.000' AS DateTime), N'APPROVED', CAST(N'2026-06-01T09:05:00.000' AS DateTime), N'LETTERING')
INSERT [dbo].[Page] ([id], [chapterId], [pageNumber], [imageUrl], [uploadedBy], [uploadedAt], [status], [createdAt], [completedStage]) VALUES (125, 20, 15, N'/img/chapter/demo/screentone_1.png', 1, CAST(N'2026-07-07T11:00:00.000' AS DateTime), N'APPROVED', CAST(N'2026-06-01T09:05:00.000' AS DateTime), N'LETTERING')
INSERT [dbo].[Page] ([id], [chapterId], [pageNumber], [imageUrl], [uploadedBy], [uploadedAt], [status], [createdAt], [completedStage]) VALUES (126, 20, 16, N'/img/chapter/demo/inking_1.jpg', 1, CAST(N'2026-07-01T12:00:00.000' AS DateTime), N'APPROVED', CAST(N'2026-06-01T09:05:00.000' AS DateTime), N'LETTERING')
INSERT [dbo].[Page] ([id], [chapterId], [pageNumber], [imageUrl], [uploadedBy], [uploadedAt], [status], [createdAt], [completedStage]) VALUES (127, 20, 17, N'/img/chapter/demo/coloring_1.jpg', 1, CAST(N'2026-07-01T13:00:00.000' AS DateTime), N'APPROVED', CAST(N'2026-06-01T09:05:00.000' AS DateTime), N'LETTERING')
INSERT [dbo].[Page] ([id], [chapterId], [pageNumber], [imageUrl], [uploadedBy], [uploadedAt], [status], [createdAt], [completedStage]) VALUES (128, 20, 18, N'/img/chapter/demo/sketching_1.jpg', 1, CAST(N'2026-07-02T14:00:00.000' AS DateTime), N'APPROVED', CAST(N'2026-06-01T09:05:00.000' AS DateTime), N'LETTERING')
INSERT [dbo].[Page] ([id], [chapterId], [pageNumber], [imageUrl], [uploadedBy], [uploadedAt], [status], [createdAt], [completedStage]) VALUES (129, 20, 19, N'/img/chapter/demo/sketching_2.jpg', 1, CAST(N'2026-07-03T15:00:00.000' AS DateTime), N'APPROVED', CAST(N'2026-06-01T09:05:00.000' AS DateTime), N'LETTERING')
INSERT [dbo].[Page] ([id], [chapterId], [pageNumber], [imageUrl], [uploadedBy], [uploadedAt], [status], [createdAt], [completedStage]) VALUES (130, 20, 20, N'/img/chapter/demo/sketching_3.jpg', 1, CAST(N'2026-07-04T16:00:00.000' AS DateTime), N'APPROVED', CAST(N'2026-06-01T09:05:00.000' AS DateTime), N'LETTERING')
INSERT [dbo].[Page] ([id], [chapterId], [pageNumber], [imageUrl], [uploadedBy], [uploadedAt], [status], [createdAt], [completedStage]) VALUES (131, 21, 1, N'/img/chapter/demo/lettering_1.jpg', 1, CAST(N'2026-06-11T09:00:00.000' AS DateTime), N'APPROVED', CAST(N'2026-06-01T09:05:00.000' AS DateTime), N'LETTERING')
INSERT [dbo].[Page] ([id], [chapterId], [pageNumber], [imageUrl], [uploadedBy], [uploadedAt], [status], [createdAt], [completedStage]) VALUES (132, 21, 2, N'/img/chapter/demo/screentone_1.png', 1, CAST(N'2026-06-12T10:00:00.000' AS DateTime), N'APPROVED', CAST(N'2026-06-01T09:05:00.000' AS DateTime), N'LETTERING')
INSERT [dbo].[Page] ([id], [chapterId], [pageNumber], [imageUrl], [uploadedBy], [uploadedAt], [status], [createdAt], [completedStage]) VALUES (133, 21, 3, N'/img/chapter/demo/inking_1.jpg', 1, CAST(N'2026-06-13T11:00:00.000' AS DateTime), N'APPROVED', CAST(N'2026-06-01T09:05:00.000' AS DateTime), N'LETTERING')
INSERT [dbo].[Page] ([id], [chapterId], [pageNumber], [imageUrl], [uploadedBy], [uploadedAt], [status], [createdAt], [completedStage]) VALUES (134, 21, 4, N'/img/chapter/demo/coloring_1.jpg', 1, CAST(N'2026-06-14T12:00:00.000' AS DateTime), N'APPROVED', CAST(N'2026-06-01T09:05:00.000' AS DateTime), N'LETTERING')
INSERT [dbo].[Page] ([id], [chapterId], [pageNumber], [imageUrl], [uploadedBy], [uploadedAt], [status], [createdAt], [completedStage]) VALUES (135, 21, 5, N'/img/chapter/demo/sketching_1.jpg', 1, CAST(N'2026-06-15T13:00:00.000' AS DateTime), N'APPROVED', CAST(N'2026-06-01T09:05:00.000' AS DateTime), N'LETTERING')
INSERT [dbo].[Page] ([id], [chapterId], [pageNumber], [imageUrl], [uploadedBy], [uploadedAt], [status], [createdAt], [completedStage]) VALUES (136, 21, 6, N'/img/chapter/demo/sketching_2.jpg', 1, CAST(N'2026-06-16T14:00:00.000' AS DateTime), N'APPROVED', CAST(N'2026-06-01T09:05:00.000' AS DateTime), N'LETTERING')
INSERT [dbo].[Page] ([id], [chapterId], [pageNumber], [imageUrl], [uploadedBy], [uploadedAt], [status], [createdAt], [completedStage]) VALUES (137, 21, 7, N'/img/chapter/demo/sketching_3.jpg', 1, CAST(N'2026-06-17T15:00:00.000' AS DateTime), N'APPROVED', CAST(N'2026-06-01T09:05:00.000' AS DateTime), N'LETTERING')
INSERT [dbo].[Page] ([id], [chapterId], [pageNumber], [imageUrl], [uploadedBy], [uploadedAt], [status], [createdAt], [completedStage]) VALUES (138, 21, 8, N'/img/chapter/demo/sketching_4.jpg', 1, CAST(N'2026-06-11T16:00:00.000' AS DateTime), N'APPROVED', CAST(N'2026-06-01T09:05:00.000' AS DateTime), N'LETTERING')
INSERT [dbo].[Page] ([id], [chapterId], [pageNumber], [imageUrl], [uploadedBy], [uploadedAt], [status], [createdAt], [completedStage]) VALUES (139, 21, 9, N'/img/chapter/demo/sketching_5.jpg', 1, CAST(N'2026-06-11T17:00:00.000' AS DateTime), N'APPROVED', CAST(N'2026-06-01T09:05:00.000' AS DateTime), N'LETTERING')
INSERT [dbo].[Page] ([id], [chapterId], [pageNumber], [imageUrl], [uploadedBy], [uploadedAt], [status], [createdAt], [completedStage]) VALUES (140, 21, 10, N'/img/chapter/demo/sketching_6.jpg', 1, CAST(N'2026-06-12T18:00:00.000' AS DateTime), N'APPROVED', CAST(N'2026-06-01T09:05:00.000' AS DateTime), N'LETTERING')
INSERT [dbo].[Page] ([id], [chapterId], [pageNumber], [imageUrl], [uploadedBy], [uploadedAt], [status], [createdAt], [completedStage]) VALUES (141, 21, 11, N'/img/chapter/demo/sketching_8.jpg', 1, CAST(N'2026-06-13T19:00:00.000' AS DateTime), N'APPROVED', CAST(N'2026-06-01T09:05:00.000' AS DateTime), N'LETTERING')
INSERT [dbo].[Page] ([id], [chapterId], [pageNumber], [imageUrl], [uploadedBy], [uploadedAt], [status], [createdAt], [completedStage]) VALUES (142, 21, 12, N'/img/chapter/demo/sketching_9.jpg', 1, CAST(N'2026-06-14T08:00:00.000' AS DateTime), N'APPROVED', CAST(N'2026-06-01T09:05:00.000' AS DateTime), N'LETTERING')
INSERT [dbo].[Page] ([id], [chapterId], [pageNumber], [imageUrl], [uploadedBy], [uploadedAt], [status], [createdAt], [completedStage]) VALUES (143, 21, 13, N'/img/chapter/demo/sketching_10.jpg', 1, CAST(N'2026-06-15T09:00:00.000' AS DateTime), N'APPROVED', CAST(N'2026-06-01T09:05:00.000' AS DateTime), N'LETTERING')
INSERT [dbo].[Page] ([id], [chapterId], [pageNumber], [imageUrl], [uploadedBy], [uploadedAt], [status], [createdAt], [completedStage]) VALUES (144, 21, 14, N'/img/chapter/demo/lettering_1.jpg', 1, CAST(N'2026-06-16T10:00:00.000' AS DateTime), N'APPROVED', CAST(N'2026-06-01T09:05:00.000' AS DateTime), N'LETTERING')
INSERT [dbo].[Page] ([id], [chapterId], [pageNumber], [imageUrl], [uploadedBy], [uploadedAt], [status], [createdAt], [completedStage]) VALUES (145, 21, 15, N'/img/chapter/demo/screentone_1.png', 1, CAST(N'2026-06-17T11:00:00.000' AS DateTime), N'APPROVED', CAST(N'2026-06-01T09:05:00.000' AS DateTime), N'LETTERING')
SET IDENTITY_INSERT [dbo].[Page] OFF
GO
SET IDENTITY_INSERT [dbo].[PageTask] ON 

INSERT [dbo].[PageTask] ([id], [chapterId], [pageId], [assistantId], [pageRangeStart], [pageRangeEnd], [dueDate], [status], [rejectionCount], [rejectionReason], [approvalComment], [priority], [notes], [assignedAt], [updatedAt], [actionReason], [previousAssistantId], [lastProgressAt], [isSalaried]) VALUES (0, 0, NULL, 2, 1, 10, CAST(N'2026-06-26' AS Date), N'APPROVED', 0, NULL, NULL, N'NORMAL', NULL, CAST(N'2026-05-27T03:09:39.520' AS DateTime), CAST(N'2026-05-29T02:31:22.687' AS DateTime), NULL, NULL, NULL, 1)
INSERT [dbo].[PageTask] ([id], [chapterId], [pageId], [assistantId], [pageRangeStart], [pageRangeEnd], [dueDate], [status], [rejectionCount], [rejectionReason], [approvalComment], [priority], [notes], [assignedAt], [updatedAt], [actionReason], [previousAssistantId], [lastProgressAt], [isSalaried]) VALUES (1, 0, NULL, 3, 11, 20, CAST(N'2026-07-01' AS Date), N'APPROVED', 0, NULL, NULL, N'NORMAL', NULL, CAST(N'2026-05-27T03:09:39.520' AS DateTime), CAST(N'2026-05-29T02:26:57.460' AS DateTime), NULL, NULL, NULL, 1)
INSERT [dbo].[PageTask] ([id], [chapterId], [pageId], [assistantId], [pageRangeStart], [pageRangeEnd], [dueDate], [status], [rejectionCount], [rejectionReason], [approvalComment], [priority], [notes], [assignedAt], [updatedAt], [actionReason], [previousAssistantId], [lastProgressAt], [isSalaried]) VALUES (2, 0, NULL, 2, 21, 30, CAST(N'2026-07-06' AS Date), N'APPROVED', 0, NULL, NULL, N'NORMAL', NULL, CAST(N'2026-05-27T03:09:39.520' AS DateTime), CAST(N'2026-05-29T02:29:23.617' AS DateTime), N'ád af à qf', NULL, NULL, 1)
INSERT [dbo].[PageTask] ([id], [chapterId], [pageId], [assistantId], [pageRangeStart], [pageRangeEnd], [dueDate], [status], [rejectionCount], [rejectionReason], [approvalComment], [priority], [notes], [assignedAt], [updatedAt], [actionReason], [previousAssistantId], [lastProgressAt], [isSalaried]) VALUES (3, 2, NULL, 4, 1, 8, CAST(N'2026-06-21' AS Date), N'APPROVED', 0, NULL, NULL, N'NORMAL', NULL, CAST(N'2026-05-27T03:09:39.520' AS DateTime), CAST(N'2026-05-27T03:09:39.520' AS DateTime), NULL, NULL, NULL, 0)
INSERT [dbo].[PageTask] ([id], [chapterId], [pageId], [assistantId], [pageRangeStart], [pageRangeEnd], [dueDate], [status], [rejectionCount], [rejectionReason], [approvalComment], [priority], [notes], [assignedAt], [updatedAt], [actionReason], [previousAssistantId], [lastProgressAt], [isSalaried]) VALUES (4, 2, NULL, 5, 9, 16, CAST(N'2026-06-22' AS Date), N'SUBMITTED', 0, NULL, NULL, N'NORMAL', NULL, CAST(N'2026-05-27T03:09:39.520' AS DateTime), CAST(N'2026-05-27T03:09:39.520' AS DateTime), NULL, NULL, NULL, 0)
INSERT [dbo].[PageTask] ([id], [chapterId], [pageId], [assistantId], [pageRangeStart], [pageRangeEnd], [dueDate], [status], [rejectionCount], [rejectionReason], [approvalComment], [priority], [notes], [assignedAt], [updatedAt], [actionReason], [previousAssistantId], [lastProgressAt], [isSalaried]) VALUES (5, 3, NULL, 16, 1, 12, CAST(N'2026-07-16' AS Date), N'SUBMITTED', 0, NULL, NULL, N'NORMAL', NULL, CAST(N'2026-05-27T03:09:39.520' AS DateTime), CAST(N'2026-05-29T02:35:05.160' AS DateTime), NULL, NULL, NULL, 0)
INSERT [dbo].[PageTask] ([id], [chapterId], [pageId], [assistantId], [pageRangeStart], [pageRangeEnd], [dueDate], [status], [rejectionCount], [rejectionReason], [approvalComment], [priority], [notes], [assignedAt], [updatedAt], [actionReason], [previousAssistantId], [lastProgressAt], [isSalaried]) VALUES (6, 4, NULL, 2, 1, 10, CAST(N'2026-07-14' AS Date), N'OVERDUE', 0, NULL, NULL, N'NORMAL', NULL, CAST(N'2026-05-27T03:09:39.523' AS DateTime), CAST(N'2026-07-17T09:00:00.483' AS DateTime), NULL, NULL, NULL, 0)
INSERT [dbo].[PageTask] ([id], [chapterId], [pageId], [assistantId], [pageRangeStart], [pageRangeEnd], [dueDate], [status], [rejectionCount], [rejectionReason], [approvalComment], [priority], [notes], [assignedAt], [updatedAt], [actionReason], [previousAssistantId], [lastProgressAt], [isSalaried]) VALUES (7, 4, NULL, 3, 11, 20, CAST(N'2026-07-15' AS Date), N'OVERDUE', 0, NULL, NULL, N'NORMAL', NULL, CAST(N'2026-05-27T03:09:39.523' AS DateTime), CAST(N'2026-07-17T09:00:00.647' AS DateTime), NULL, NULL, NULL, 0)
INSERT [dbo].[PageTask] ([id], [chapterId], [pageId], [assistantId], [pageRangeStart], [pageRangeEnd], [dueDate], [status], [rejectionCount], [rejectionReason], [approvalComment], [priority], [notes], [assignedAt], [updatedAt], [actionReason], [previousAssistantId], [lastProgressAt], [isSalaried]) VALUES (8, 6, NULL, 2, 1, 10, CAST(N'2026-06-26' AS Date), N'SUBMITTED', 1, NULL, NULL, N'NORMAL', NULL, CAST(N'2026-05-27T03:09:39.523' AS DateTime), CAST(N'2026-05-29T02:31:06.877' AS DateTime), NULL, NULL, NULL, 0)
INSERT [dbo].[PageTask] ([id], [chapterId], [pageId], [assistantId], [pageRangeStart], [pageRangeEnd], [dueDate], [status], [rejectionCount], [rejectionReason], [approvalComment], [priority], [notes], [assignedAt], [updatedAt], [actionReason], [previousAssistantId], [lastProgressAt], [isSalaried]) VALUES (9, 7, NULL, 5, 1, 8, CAST(N'2026-07-21' AS Date), N'SUBMITTED', 0, NULL, NULL, N'NORMAL', NULL, CAST(N'2026-05-27T03:09:39.523' AS DateTime), CAST(N'2026-05-29T02:29:34.143' AS DateTime), NULL, NULL, NULL, 0)
INSERT [dbo].[PageTask] ([id], [chapterId], [pageId], [assistantId], [pageRangeStart], [pageRangeEnd], [dueDate], [status], [rejectionCount], [rejectionReason], [approvalComment], [priority], [notes], [assignedAt], [updatedAt], [actionReason], [previousAssistantId], [lastProgressAt], [isSalaried]) VALUES (10, 7, NULL, 16, 9, 18, CAST(N'2026-07-22' AS Date), N'SUBMITTED', 0, NULL, NULL, N'NORMAL', NULL, CAST(N'2026-05-27T03:09:39.523' AS DateTime), CAST(N'2026-05-29T02:34:58.403' AS DateTime), NULL, NULL, NULL, 0)
INSERT [dbo].[PageTask] ([id], [chapterId], [pageId], [assistantId], [pageRangeStart], [pageRangeEnd], [dueDate], [status], [rejectionCount], [rejectionReason], [approvalComment], [priority], [notes], [assignedAt], [updatedAt], [actionReason], [previousAssistantId], [lastProgressAt], [isSalaried]) VALUES (11, 8, NULL, 16, 1, 15, CAST(N'2026-07-13' AS Date), N'OVERDUE', 0, NULL, NULL, N'NORMAL', NULL, CAST(N'2026-05-27T03:09:39.523' AS DateTime), CAST(N'2026-07-16T09:00:00.990' AS DateTime), NULL, NULL, NULL, 0)
INSERT [dbo].[PageTask] ([id], [chapterId], [pageId], [assistantId], [pageRangeStart], [pageRangeEnd], [dueDate], [status], [rejectionCount], [rejectionReason], [approvalComment], [priority], [notes], [assignedAt], [updatedAt], [actionReason], [previousAssistantId], [lastProgressAt], [isSalaried]) VALUES (12, 8, NULL, 17, 16, 25, CAST(N'2026-05-26' AS Date), N'APPROVED', 1, NULL, NULL, N'NORMAL', NULL, CAST(N'2026-05-27T03:09:39.523' AS DateTime), CAST(N'2026-05-27T03:09:39.523' AS DateTime), NULL, NULL, NULL, 0)
INSERT [dbo].[PageTask] ([id], [chapterId], [pageId], [assistantId], [pageRangeStart], [pageRangeEnd], [dueDate], [status], [rejectionCount], [rejectionReason], [approvalComment], [priority], [notes], [assignedAt], [updatedAt], [actionReason], [previousAssistantId], [lastProgressAt], [isSalaried]) VALUES (13, 12, NULL, 2, 1, 12, CAST(N'2026-07-16' AS Date), N'OVERDUE', 0, NULL, NULL, N'NORMAL', NULL, CAST(N'2026-05-27T03:09:39.523' AS DateTime), CAST(N'2026-07-17T09:00:00.777' AS DateTime), NULL, NULL, NULL, 0)
INSERT [dbo].[PageTask] ([id], [chapterId], [pageId], [assistantId], [pageRangeStart], [pageRangeEnd], [dueDate], [status], [rejectionCount], [rejectionReason], [approvalComment], [priority], [notes], [assignedAt], [updatedAt], [actionReason], [previousAssistantId], [lastProgressAt], [isSalaried]) VALUES (14, 12, NULL, 16, 13, 25, CAST(N'2026-07-12' AS Date), N'OVERDUE', 1, NULL, NULL, N'NORMAL', NULL, CAST(N'2026-05-27T03:09:39.523' AS DateTime), CAST(N'2026-07-16T09:00:00.913' AS DateTime), NULL, NULL, NULL, 0)
INSERT [dbo].[PageTask] ([id], [chapterId], [pageId], [assistantId], [pageRangeStart], [pageRangeEnd], [dueDate], [status], [rejectionCount], [rejectionReason], [approvalComment], [priority], [notes], [assignedAt], [updatedAt], [actionReason], [previousAssistantId], [lastProgressAt], [isSalaried]) VALUES (15, 0, NULL, 4, 21, 30, CAST(N'2026-07-06' AS Date), N'APPROVED', 0, NULL, NULL, N'NORMAL', NULL, CAST(N'2026-05-29T02:29:23.677' AS DateTime), CAST(N'2026-05-29T02:31:21.197' AS DateTime), N'ád af à qf', 2, NULL, 1)
INSERT [dbo].[PageTask] ([id], [chapterId], [pageId], [assistantId], [pageRangeStart], [pageRangeEnd], [dueDate], [status], [rejectionCount], [rejectionReason], [approvalComment], [priority], [notes], [assignedAt], [updatedAt], [actionReason], [previousAssistantId], [lastProgressAt], [isSalaried]) VALUES (16, 0, NULL, 4, 1, 5, CAST(N'2026-07-02' AS Date), N'APPROVED', 0, NULL, NULL, N'NORMAL', N'âsfasf', CAST(N'2026-05-29T02:33:10.050' AS DateTime), CAST(N'2026-05-29T02:34:15.813' AS DateTime), NULL, NULL, NULL, 1)
INSERT [dbo].[PageTask] ([id], [chapterId], [pageId], [assistantId], [pageRangeStart], [pageRangeEnd], [dueDate], [status], [rejectionCount], [rejectionReason], [approvalComment], [priority], [notes], [assignedAt], [updatedAt], [actionReason], [previousAssistantId], [lastProgressAt], [isSalaried]) VALUES (17, 0, NULL, 5, 1, 5, CAST(N'2026-06-13' AS Date), N'APPROVED', 0, NULL, NULL, N'NORMAL', N'âfa ga gg àg', CAST(N'2026-05-29T02:34:40.417' AS DateTime), CAST(N'2026-05-29T02:35:36.147' AS DateTime), N'à ag ag ag', NULL, NULL, 1)
INSERT [dbo].[PageTask] ([id], [chapterId], [pageId], [assistantId], [pageRangeStart], [pageRangeEnd], [dueDate], [status], [rejectionCount], [rejectionReason], [approvalComment], [priority], [notes], [assignedAt], [updatedAt], [actionReason], [previousAssistantId], [lastProgressAt], [isSalaried]) VALUES (18, 0, NULL, 2, 1, 5, CAST(N'2026-06-13' AS Date), N'APPROVED', 0, NULL, NULL, N'NORMAL', N'âfa ga gg àg', CAST(N'2026-05-29T02:35:36.180' AS DateTime), CAST(N'2026-05-29T02:36:09.543' AS DateTime), N'à ag ag ag', 5, NULL, 1)
INSERT [dbo].[PageTask] ([id], [chapterId], [pageId], [assistantId], [pageRangeStart], [pageRangeEnd], [dueDate], [status], [rejectionCount], [rejectionReason], [approvalComment], [priority], [notes], [assignedAt], [updatedAt], [actionReason], [previousAssistantId], [lastProgressAt], [isSalaried]) VALUES (19, 0, NULL, 2, 1, 5, CAST(N'2026-06-13' AS Date), N'APPROVED', 0, NULL, NULL, N'NORMAL', N'aga g ag g a', CAST(N'2026-05-29T02:36:26.283' AS DateTime), CAST(N'2026-05-29T02:36:55.640' AS DateTime), NULL, NULL, NULL, 1)
INSERT [dbo].[PageTask] ([id], [chapterId], [pageId], [assistantId], [pageRangeStart], [pageRangeEnd], [dueDate], [status], [rejectionCount], [rejectionReason], [approvalComment], [priority], [notes], [assignedAt], [updatedAt], [actionReason], [previousAssistantId], [lastProgressAt], [isSalaried]) VALUES (20, 0, NULL, 2, 1, 5, CAST(N'2026-06-06' AS Date), N'APPROVED', 0, NULL, NULL, N'URGENT', N'ầ à  ag ag', CAST(N'2026-05-29T02:37:32.720' AS DateTime), CAST(N'2026-05-29T02:37:52.943' AS DateTime), NULL, NULL, NULL, 1)
INSERT [dbo].[PageTask] ([id], [chapterId], [pageId], [assistantId], [pageRangeStart], [pageRangeEnd], [dueDate], [status], [rejectionCount], [rejectionReason], [approvalComment], [priority], [notes], [assignedAt], [updatedAt], [actionReason], [previousAssistantId], [lastProgressAt], [isSalaried]) VALUES (21, 1, NULL, 2, 1, 3, CAST(N'2026-05-24' AS Date), N'APPROVED', 0, NULL, NULL, N'NORMAL', NULL, CAST(N'2026-05-08T03:09:39.520' AS DateTime), CAST(N'2026-05-25T09:30:00.000' AS DateTime), NULL, NULL, NULL, 1)
INSERT [dbo].[PageTask] ([id], [chapterId], [pageId], [assistantId], [pageRangeStart], [pageRangeEnd], [dueDate], [status], [rejectionCount], [rejectionReason], [approvalComment], [priority], [notes], [assignedAt], [updatedAt], [actionReason], [previousAssistantId], [lastProgressAt], [isSalaried]) VALUES (22, 1, NULL, 3, 3, 5, CAST(N'2026-05-25' AS Date), N'APPROVED', 0, NULL, NULL, N'NORMAL', NULL, CAST(N'2026-05-08T03:09:39.520' AS DateTime), CAST(N'2026-05-26T09:30:00.000' AS DateTime), NULL, NULL, NULL, 1)
INSERT [dbo].[PageTask] ([id], [chapterId], [pageId], [assistantId], [pageRangeStart], [pageRangeEnd], [dueDate], [status], [rejectionCount], [rejectionReason], [approvalComment], [priority], [notes], [assignedAt], [updatedAt], [actionReason], [previousAssistantId], [lastProgressAt], [isSalaried]) VALUES (23, 1, NULL, 2, 1, 3, CAST(N'2026-06-19' AS Date), N'APPROVED', 0, NULL, NULL, N'NORMAL', NULL, CAST(N'2026-05-08T03:09:39.520' AS DateTime), CAST(N'2026-06-20T09:30:00.000' AS DateTime), NULL, NULL, NULL, 1)
INSERT [dbo].[PageTask] ([id], [chapterId], [pageId], [assistantId], [pageRangeStart], [pageRangeEnd], [dueDate], [status], [rejectionCount], [rejectionReason], [approvalComment], [priority], [notes], [assignedAt], [updatedAt], [actionReason], [previousAssistantId], [lastProgressAt], [isSalaried]) VALUES (24, 1, NULL, 3, 3, 5, CAST(N'2026-06-21' AS Date), N'APPROVED', 0, NULL, NULL, N'NORMAL', NULL, CAST(N'2026-05-08T03:09:39.520' AS DateTime), CAST(N'2026-06-22T09:30:00.000' AS DateTime), NULL, NULL, NULL, 1)
INSERT [dbo].[PageTask] ([id], [chapterId], [pageId], [assistantId], [pageRangeStart], [pageRangeEnd], [dueDate], [status], [rejectionCount], [rejectionReason], [approvalComment], [priority], [notes], [assignedAt], [updatedAt], [actionReason], [previousAssistantId], [lastProgressAt], [isSalaried]) VALUES (25, 1, NULL, 2, 1, 2, CAST(N'2026-07-08' AS Date), N'APPROVED', 0, NULL, NULL, N'NORMAL', NULL, CAST(N'2026-05-08T03:09:39.520' AS DateTime), CAST(N'2026-07-08T09:30:00.000' AS DateTime), NULL, NULL, NULL, 0)
INSERT [dbo].[PageTask] ([id], [chapterId], [pageId], [assistantId], [pageRangeStart], [pageRangeEnd], [dueDate], [status], [rejectionCount], [rejectionReason], [approvalComment], [priority], [notes], [assignedAt], [updatedAt], [actionReason], [previousAssistantId], [lastProgressAt], [isSalaried]) VALUES (26, 1, NULL, 3, 5, 5, CAST(N'2026-07-12' AS Date), N'SUBMITTED', 0, NULL, NULL, N'NORMAL', NULL, CAST(N'2026-05-08T03:09:39.520' AS DateTime), CAST(N'2026-07-09T14:20:00.000' AS DateTime), NULL, NULL, CAST(N'2026-07-09T14:20:00.000' AS DateTime), 0)
INSERT [dbo].[PageTask] ([id], [chapterId], [pageId], [assistantId], [pageRangeStart], [pageRangeEnd], [dueDate], [status], [rejectionCount], [rejectionReason], [approvalComment], [priority], [notes], [assignedAt], [updatedAt], [actionReason], [previousAssistantId], [lastProgressAt], [isSalaried]) VALUES (27, 17, NULL, 3, 7, 18, CAST(N'2026-07-11' AS Date), N'OVERDUE', 0, NULL, NULL, N'NORMAL', NULL, CAST(N'2026-06-25T09:00:00.000' AS DateTime), CAST(N'2026-07-16T09:00:00.000' AS DateTime), NULL, NULL, NULL, 0)
INSERT [dbo].[PageTask] ([id], [chapterId], [pageId], [assistantId], [pageRangeStart], [pageRangeEnd], [dueDate], [status], [rejectionCount], [rejectionReason], [approvalComment], [priority], [notes], [assignedAt], [updatedAt], [actionReason], [previousAssistantId], [lastProgressAt], [isSalaried]) VALUES (28, 18, NULL, 5, 11, 20, CAST(N'2026-07-12' AS Date), N'OVERDUE', 0, NULL, NULL, N'NORMAL', NULL, CAST(N'2026-06-20T09:00:00.000' AS DateTime), CAST(N'2026-07-17T09:00:00.000' AS DateTime), NULL, NULL, NULL, 0)
SET IDENTITY_INSERT [dbo].[PageTask] OFF
GO
SET IDENTITY_INSERT [dbo].[ChapterImage] ON 

INSERT [dbo].[ChapterImage] ([id], [chapterId], [pageTaskId], [uploadedBy], [imageType], [pageNumber], [fileUrl], [originalFileName], [fileSizeBytes], [uploadedAt], [isActive], [note], [imagePhash]) VALUES (1, 1, NULL, 1, N'PAGE', 1, N'/img/chapter/demo/coloring_1.jpg', N'coloring_1.jpg', 200694, CAST(N'2026-06-26T10:00:00.000' AS DateTime), 1, N'Chapter page 1 (current)', N'f79eb6bca09ecce4')
INSERT [dbo].[ChapterImage] ([id], [chapterId], [pageTaskId], [uploadedBy], [imageType], [pageNumber], [fileUrl], [originalFileName], [fileSizeBytes], [uploadedAt], [isActive], [note], [imagePhash]) VALUES (2, 1, 21, 2, N'PAGE', 2, N'/img/chapter/demo/sketching_4.jpg', N'sketching_4.jpg', 8599, CAST(N'2026-06-06T10:00:00.000' AS DateTime), 1, N'Chapter page 2 (current)', N'fcdff7a7f7bdaea0')
INSERT [dbo].[ChapterImage] ([id], [chapterId], [pageTaskId], [uploadedBy], [imageType], [pageNumber], [fileUrl], [originalFileName], [fileSizeBytes], [uploadedAt], [isActive], [note], [imagePhash]) VALUES (3, 1, 22, 3, N'PAGE', 3, N'/img/chapter/demo/sketching_6.jpg', N'sketching_6.jpg', 7181, CAST(N'2026-05-24T10:00:00.000' AS DateTime), 1, N'Chapter page 3 (current)', N'3f2f0fd74f0b5f3f')
INSERT [dbo].[ChapterImage] ([id], [chapterId], [pageTaskId], [uploadedBy], [imageType], [pageNumber], [fileUrl], [originalFileName], [fileSizeBytes], [uploadedAt], [isActive], [note], [imagePhash]) VALUES (4, 1, 22, 3, N'PAGE', 4, N'/img/chapter/demo/sketching_8.jpg', N'sketching_8.jpg', 13389, CAST(N'2026-05-15T10:00:00.000' AS DateTime), 1, N'Chapter page 4 (current)', N'e1ffbbe7eff1d9ff')
INSERT [dbo].[ChapterImage] ([id], [chapterId], [pageTaskId], [uploadedBy], [imageType], [pageNumber], [fileUrl], [originalFileName], [fileSizeBytes], [uploadedAt], [isActive], [note], [imagePhash]) VALUES (5, 1, 26, 3, N'PAGE', 5, N'/img/chapter/demo/sketching_10.jpg', N'sketching_10.jpg', 905793, CAST(N'2026-07-09T14:20:00.000' AS DateTime), 1, N'Page 5 pending submission (awaiting review)', N'ffefffe3a0000000')
SET IDENTITY_INSERT [dbo].[ChapterImage] OFF
GO
SET IDENTITY_INSERT [dbo].[Manuscript] ON 

INSERT [dbo].[Manuscript] ([id], [chapterId], [version], [status], [submittedAt], [fileUrl], [revisionDeadline], [feedback], [seriesTitle], [chapterTitle], [chapterNumber], [originalFileName], [uploadedAt], [fileSize], [fileExtension], [notes], [genre]) VALUES (4, 6, 1, N'UNDER_REVIEW', CAST(N'2026-05-26T03:09:39.547' AS DateTime), N'/uploads/manuscripts/neon-lotus-high-ch1-v1.pdf', CAST(N'2026-05-29T03:09:39.547' AS DateTime), N'Panel flow is strong, but page 4 needs perspective correction before approval.', NULL, NULL, NULL, NULL, NULL, NULL, NULL, NULL, NULL)
INSERT [dbo].[Manuscript] ([id], [chapterId], [version], [status], [submittedAt], [fileUrl], [revisionDeadline], [feedback], [seriesTitle], [chapterTitle], [chapterNumber], [originalFileName], [uploadedAt], [fileSize], [fileExtension], [notes], [genre]) VALUES (6, 9, 1, N'UNDER_REVIEW', CAST(N'2026-05-26T03:09:39.547' AS DateTime), N'/uploads/manuscripts/neon-lotus-high-ch4-v1.pdf', CAST(N'2026-05-30T03:09:39.547' AS DateTime), N'Action sequences need better flow. Reorganize page order and improve transitions.', NULL, NULL, NULL, NULL, NULL, NULL, NULL, NULL, NULL)
INSERT [dbo].[Manuscript] ([id], [chapterId], [version], [status], [submittedAt], [fileUrl], [revisionDeadline], [feedback], [seriesTitle], [chapterTitle], [chapterNumber], [originalFileName], [uploadedAt], [fileSize], [fileExtension], [notes], [genre]) VALUES (7, 0, 1, N'UNDER_REVIEW', CAST(N'2026-05-29T04:41:41.777' AS DateTime), N'/WEB-INF/uploads/manuscripts/manuscript_7_v1_20260529_044131.pdf', NULL, NULL, N'Shadows of Edo', N'The Broken Blade', 1, N'Requirement Elicitation.pdf', CAST(N'2026-05-29T04:41:31.337' AS DateTime), 1879408, N'pdf', N'12ras à á', N'Action')
SET IDENTITY_INSERT [dbo].[Manuscript] OFF
GO
SET IDENTITY_INSERT [dbo].[RankingPeriod] ON 

INSERT [dbo].[RankingPeriod] ([id], [name], [startDate], [endDate], [status], [calculatedAt]) VALUES (1, N'period1', CAST(N'2026-07-17' AS Date), CAST(N'2026-07-18' AS Date), N'CALCULATED', CAST(N'2026-07-17T13:33:38.497' AS DateTime))
INSERT [dbo].[RankingPeriod] ([id], [name], [startDate], [endDate], [status], [calculatedAt]) VALUES (2, N'period2', CAST(N'2026-07-17' AS Date), CAST(N'2026-07-18' AS Date), N'CALCULATED', CAST(N'2026-07-17T13:34:56.767' AS DateTime))
INSERT [dbo].[RankingPeriod] ([id], [name], [startDate], [endDate], [status], [calculatedAt]) VALUES (3, N'period3', CAST(N'2026-07-17' AS Date), CAST(N'2026-07-18' AS Date), N'CALCULATED', CAST(N'2026-07-17T13:39:26.033' AS DateTime))
SET IDENTITY_INSERT [dbo].[RankingPeriod] OFF
GO
SET IDENTITY_INSERT [dbo].[RankingRecord] ON 

INSERT [dbo].[RankingRecord] ([id], [periodId], [seriesId], [rankScore], [rankPosition], [isBottomTwenty], [calculatedAt], [totalLikes], [totalReads]) VALUES (1, 1, 2, CAST(25.00 AS Decimal(6, 2)), 1, 0, CAST(N'2026-07-17T13:33:38.170' AS DateTime), 1500, 6000)
INSERT [dbo].[RankingRecord] ([id], [periodId], [seriesId], [rankScore], [rankPosition], [isBottomTwenty], [calculatedAt], [totalLikes], [totalReads]) VALUES (2, 1, 0, CAST(24.00 AS Decimal(6, 2)), 2, 0, CAST(N'2026-07-17T13:33:38.170' AS DateTime), 1200, 5000)
INSERT [dbo].[RankingRecord] ([id], [periodId], [seriesId], [rankScore], [rankPosition], [isBottomTwenty], [calculatedAt], [totalLikes], [totalReads]) VALUES (3, 1, 1, CAST(20.00 AS Decimal(6, 2)), 3, 0, CAST(N'2026-07-17T13:33:38.170' AS DateTime), 800, 4000)
INSERT [dbo].[RankingRecord] ([id], [periodId], [seriesId], [rankScore], [rankPosition], [isBottomTwenty], [calculatedAt], [totalLikes], [totalReads]) VALUES (4, 1, 3, CAST(12.00 AS Decimal(6, 2)), 4, 1, CAST(N'2026-07-17T13:33:38.170' AS DateTime), 300, 2500)
INSERT [dbo].[RankingRecord] ([id], [periodId], [seriesId], [rankScore], [rankPosition], [isBottomTwenty], [calculatedAt], [totalLikes], [totalReads]) VALUES (5, 2, 4, CAST(66.30 AS Decimal(6, 2)), 1, 0, CAST(N'2026-07-17T13:34:56.477' AS DateTime), 663, 1000)
INSERT [dbo].[RankingRecord] ([id], [periodId], [seriesId], [rankScore], [rankPosition], [isBottomTwenty], [calculatedAt], [totalLikes], [totalReads]) VALUES (6, 2, 0, CAST(40.00 AS Decimal(6, 2)), 2, 0, CAST(N'2026-07-17T13:34:56.477' AS DateTime), 1200, 3000)
INSERT [dbo].[RankingRecord] ([id], [periodId], [seriesId], [rankScore], [rankPosition], [isBottomTwenty], [calculatedAt], [totalLikes], [totalReads]) VALUES (7, 2, 1, CAST(40.00 AS Decimal(6, 2)), 3, 0, CAST(N'2026-07-17T13:34:56.477' AS DateTime), 800, 2000)
INSERT [dbo].[RankingRecord] ([id], [periodId], [seriesId], [rankScore], [rankPosition], [isBottomTwenty], [calculatedAt], [totalLikes], [totalReads]) VALUES (8, 2, 2, CAST(25.00 AS Decimal(6, 2)), 4, 0, CAST(N'2026-07-17T13:34:56.477' AS DateTime), 1500, 6000)
INSERT [dbo].[RankingRecord] ([id], [periodId], [seriesId], [rankScore], [rankPosition], [isBottomTwenty], [calculatedAt], [totalLikes], [totalReads]) VALUES (9, 2, 3, CAST(8.57 AS Decimal(6, 2)), 5, 1, CAST(N'2026-07-17T13:34:56.477' AS DateTime), 300, 3500)
INSERT [dbo].[RankingRecord] ([id], [periodId], [seriesId], [rankScore], [rankPosition], [isBottomTwenty], [calculatedAt], [totalLikes], [totalReads]) VALUES (10, 3, 4, CAST(66.30 AS Decimal(6, 2)), 1, 0, CAST(N'2026-07-17T13:39:25.777' AS DateTime), 1326, 2000)
INSERT [dbo].[RankingRecord] ([id], [periodId], [seriesId], [rankScore], [rankPosition], [isBottomTwenty], [calculatedAt], [totalLikes], [totalReads]) VALUES (11, 3, 0, CAST(32.73 AS Decimal(6, 2)), 2, 0, CAST(N'2026-07-17T13:39:25.777' AS DateTime), 3600, 11000)
INSERT [dbo].[RankingRecord] ([id], [periodId], [seriesId], [rankScore], [rankPosition], [isBottomTwenty], [calculatedAt], [totalLikes], [totalReads]) VALUES (12, 3, 1, CAST(30.00 AS Decimal(6, 2)), 3, 0, CAST(N'2026-07-17T13:39:25.777' AS DateTime), 2400, 8000)
INSERT [dbo].[RankingRecord] ([id], [periodId], [seriesId], [rankScore], [rankPosition], [isBottomTwenty], [calculatedAt], [totalLikes], [totalReads]) VALUES (13, 3, 2, CAST(25.00 AS Decimal(6, 2)), 4, 0, CAST(N'2026-07-17T13:39:25.777' AS DateTime), 4500, 18000)
INSERT [dbo].[RankingRecord] ([id], [periodId], [seriesId], [rankScore], [rankPosition], [isBottomTwenty], [calculatedAt], [totalLikes], [totalReads]) VALUES (14, 3, 3, CAST(9.47 AS Decimal(6, 2)), 5, 1, CAST(N'2026-07-17T13:39:25.777' AS DateTime), 900, 9500)
SET IDENTITY_INSERT [dbo].[RankingRecord] OFF
GO
SET IDENTITY_INSERT [dbo].[DecisionSession] ON 

INSERT [dbo].[DecisionSession] ([id], [seriesId], [rankingRecordId], [status], [result], [systemSuggestion], [openedAt], [closedAt], [revenueTrendSnapshot]) VALUES (1, 3, 4, N'CLOSED', N'CONTINUE', NULL, CAST(N'2026-07-17T13:33:38.353' AS DateTime), CAST(N'2026-07-17T13:34:42.097' AS DateTime), N'[{"periodId":1,"periodName":"period1","revenue":900.00}]')
INSERT [dbo].[DecisionSession] ([id], [seriesId], [rankingRecordId], [status], [result], [systemSuggestion], [openedAt], [closedAt], [revenueTrendSnapshot]) VALUES (2, 3, 9, N'CLOSED', N'CONTINUE', N'CONTINUE', CAST(N'2026-07-17T13:34:56.673' AS DateTime), CAST(N'2026-07-17T13:38:54.150' AS DateTime), N'[{"periodId":2,"periodName":"period2","revenue":900.00},{"periodId":1,"periodName":"period1","revenue":900.00}]')
INSERT [dbo].[DecisionSession] ([id], [seriesId], [rankingRecordId], [status], [result], [systemSuggestion], [openedAt], [closedAt], [revenueTrendSnapshot]) VALUES (3, 3, 14, N'CLOSED', N'CONTINUE', N'REVIEW', CAST(N'2026-07-17T13:39:25.930' AS DateTime), CAST(N'2026-07-17T13:44:01.997' AS DateTime), N'[{"periodId":3,"periodName":"period3","revenue":2700.00},{"periodId":2,"periodName":"period2","revenue":900.00},{"periodId":1,"periodName":"period1","revenue":900.00}]')
SET IDENTITY_INSERT [dbo].[DecisionSession] OFF
GO
SET IDENTITY_INSERT [dbo].[DecisionVote] ON 

INSERT [dbo].[DecisionVote] ([id], [sessionId], [voterId], [decision], [justification], [votedAt]) VALUES (1, 1, 7, N'CONTINUE', N'', CAST(N'2026-07-17T13:34:09.197' AS DateTime))
INSERT [dbo].[DecisionVote] ([id], [sessionId], [voterId], [decision], [justification], [votedAt]) VALUES (2, 1, 8, N'CONTINUE', N'', CAST(N'2026-07-17T13:34:29.707' AS DateTime))
INSERT [dbo].[DecisionVote] ([id], [sessionId], [voterId], [decision], [justification], [votedAt]) VALUES (3, 1, 9, N'CONTINUE', N'', CAST(N'2026-07-17T13:34:42.050' AS DateTime))
INSERT [dbo].[DecisionVote] ([id], [sessionId], [voterId], [decision], [justification], [votedAt]) VALUES (4, 2, 7, N'CONTINUE', N'', CAST(N'2026-07-17T13:36:06.580' AS DateTime))
INSERT [dbo].[DecisionVote] ([id], [sessionId], [voterId], [decision], [justification], [votedAt]) VALUES (5, 2, 8, N'CONTINUE', N'', CAST(N'2026-07-17T13:36:46.780' AS DateTime))
INSERT [dbo].[DecisionVote] ([id], [sessionId], [voterId], [decision], [justification], [votedAt]) VALUES (6, 2, 9, N'CANCEL', N'revenue do not increase', CAST(N'2026-07-17T13:38:54.097' AS DateTime))
INSERT [dbo].[DecisionVote] ([id], [sessionId], [voterId], [decision], [justification], [votedAt]) VALUES (7, 3, 7, N'CONTINUE', N'', CAST(N'2026-07-17T13:40:18.960' AS DateTime))
INSERT [dbo].[DecisionVote] ([id], [sessionId], [voterId], [decision], [justification], [votedAt]) VALUES (8, 3, 8, N'CONTINUE', N'', CAST(N'2026-07-17T13:42:33.820' AS DateTime))
INSERT [dbo].[DecisionVote] ([id], [sessionId], [voterId], [decision], [justification], [votedAt]) VALUES (9, 3, 10, N'CHANGE_TYPE', N'', CAST(N'2026-07-17T13:44:01.947' AS DateTime))
SET IDENTITY_INSERT [dbo].[DecisionVote] OFF
GO
SET IDENTITY_INSERT [dbo].[TaskType] ON 

INSERT [dbo].[TaskType] ([id], [code], [displayName], [ratePerPage], [isActive], [createdAt], [updatedAt]) VALUES (1, N'SKETCHING', N'Sketching', CAST(50000.00 AS Decimal(12, 2)), 1, CAST(N'2026-07-17T13:32:54.893' AS DateTime), CAST(N'2026-07-17T13:32:55.560' AS DateTime))
INSERT [dbo].[TaskType] ([id], [code], [displayName], [ratePerPage], [isActive], [createdAt], [updatedAt]) VALUES (2, N'INKING', N'Inking', CAST(45000.00 AS Decimal(12, 2)), 1, CAST(N'2026-07-17T13:32:54.893' AS DateTime), CAST(N'2026-07-17T13:32:55.563' AS DateTime))
INSERT [dbo].[TaskType] ([id], [code], [displayName], [ratePerPage], [isActive], [createdAt], [updatedAt]) VALUES (3, N'COLORING', N'Coloring', CAST(35000.00 AS Decimal(12, 2)), 1, CAST(N'2026-07-17T13:32:54.893' AS DateTime), CAST(N'2026-07-17T13:32:55.563' AS DateTime))
INSERT [dbo].[TaskType] ([id], [code], [displayName], [ratePerPage], [isActive], [createdAt], [updatedAt]) VALUES (4, N'SCREENTONE', N'Screentone', CAST(30000.00 AS Decimal(12, 2)), 1, CAST(N'2026-07-17T13:32:54.893' AS DateTime), CAST(N'2026-07-17T13:32:55.567' AS DateTime))
INSERT [dbo].[TaskType] ([id], [code], [displayName], [ratePerPage], [isActive], [createdAt], [updatedAt]) VALUES (5, N'LETTERING', N'Lettering', CAST(20000.00 AS Decimal(12, 2)), 1, CAST(N'2026-07-17T13:32:54.893' AS DateTime), CAST(N'2026-07-17T13:32:55.573' AS DateTime))
INSERT [dbo].[TaskType] ([id], [code], [displayName], [ratePerPage], [isActive], [createdAt], [updatedAt]) VALUES (6, N'MIXED', N'Mixed', CAST(40000.00 AS Decimal(12, 2)), 1, CAST(N'2026-07-17T13:32:54.893' AS DateTime), CAST(N'2026-07-17T13:32:55.580' AS DateTime))
SET IDENTITY_INSERT [dbo].[TaskType] OFF
GO
INSERT [dbo].[PageTaskStage] ([taskId], [taskTypeCode]) VALUES (0, N'SKETCHING')
INSERT [dbo].[PageTaskStage] ([taskId], [taskTypeCode]) VALUES (1, N'INKING')
INSERT [dbo].[PageTaskStage] ([taskId], [taskTypeCode]) VALUES (2, N'COLORING')
INSERT [dbo].[PageTaskStage] ([taskId], [taskTypeCode]) VALUES (3, N'COLORING')
INSERT [dbo].[PageTaskStage] ([taskId], [taskTypeCode]) VALUES (4, N'SCREENTONE')
INSERT [dbo].[PageTaskStage] ([taskId], [taskTypeCode]) VALUES (5, N'LETTERING')
INSERT [dbo].[PageTaskStage] ([taskId], [taskTypeCode]) VALUES (6, N'INKING')
INSERT [dbo].[PageTaskStage] ([taskId], [taskTypeCode]) VALUES (7, N'SCREENTONE')
INSERT [dbo].[PageTaskStage] ([taskId], [taskTypeCode]) VALUES (8, N'SKETCHING')
INSERT [dbo].[PageTaskStage] ([taskId], [taskTypeCode]) VALUES (9, N'INKING')
INSERT [dbo].[PageTaskStage] ([taskId], [taskTypeCode]) VALUES (10, N'COLORING')
INSERT [dbo].[PageTaskStage] ([taskId], [taskTypeCode]) VALUES (11, N'INKING')
INSERT [dbo].[PageTaskStage] ([taskId], [taskTypeCode]) VALUES (12, N'SCREENTONE')
INSERT [dbo].[PageTaskStage] ([taskId], [taskTypeCode]) VALUES (13, N'INKING')
INSERT [dbo].[PageTaskStage] ([taskId], [taskTypeCode]) VALUES (14, N'COLORING')
INSERT [dbo].[PageTaskStage] ([taskId], [taskTypeCode]) VALUES (15, N'COLORING')
INSERT [dbo].[PageTaskStage] ([taskId], [taskTypeCode]) VALUES (16, N'INKING')
INSERT [dbo].[PageTaskStage] ([taskId], [taskTypeCode]) VALUES (17, N'COLORING')
INSERT [dbo].[PageTaskStage] ([taskId], [taskTypeCode]) VALUES (18, N'COLORING')
INSERT [dbo].[PageTaskStage] ([taskId], [taskTypeCode]) VALUES (19, N'SCREENTONE')
INSERT [dbo].[PageTaskStage] ([taskId], [taskTypeCode]) VALUES (20, N'LETTERING')
INSERT [dbo].[PageTaskStage] ([taskId], [taskTypeCode]) VALUES (21, N'MIXED')
INSERT [dbo].[PageTaskStage] ([taskId], [taskTypeCode]) VALUES (22, N'MIXED')
INSERT [dbo].[PageTaskStage] ([taskId], [taskTypeCode]) VALUES (23, N'MIXED')
INSERT [dbo].[PageTaskStage] ([taskId], [taskTypeCode]) VALUES (24, N'MIXED')
INSERT [dbo].[PageTaskStage] ([taskId], [taskTypeCode]) VALUES (25, N'MIXED')
INSERT [dbo].[PageTaskStage] ([taskId], [taskTypeCode]) VALUES (26, N'MIXED')
GO
INSERT [dbo].[PageTaskPageStage] ([taskId], [pageNumber], [taskTypeCode]) VALUES (21, 1, N'SKETCHING')
INSERT [dbo].[PageTaskPageStage] ([taskId], [pageNumber], [taskTypeCode]) VALUES (21, 2, N'INKING')
INSERT [dbo].[PageTaskPageStage] ([taskId], [pageNumber], [taskTypeCode]) VALUES (21, 3, N'COLORING')
INSERT [dbo].[PageTaskPageStage] ([taskId], [pageNumber], [taskTypeCode]) VALUES (22, 3, N'COLORING')
INSERT [dbo].[PageTaskPageStage] ([taskId], [pageNumber], [taskTypeCode]) VALUES (22, 4, N'INKING')
INSERT [dbo].[PageTaskPageStage] ([taskId], [pageNumber], [taskTypeCode]) VALUES (22, 5, N'SCREENTONE')
INSERT [dbo].[PageTaskPageStage] ([taskId], [pageNumber], [taskTypeCode]) VALUES (23, 1, N'COLORING')
INSERT [dbo].[PageTaskPageStage] ([taskId], [pageNumber], [taskTypeCode]) VALUES (23, 2, N'SCREENTONE')
INSERT [dbo].[PageTaskPageStage] ([taskId], [pageNumber], [taskTypeCode]) VALUES (23, 3, N'LETTERING')
INSERT [dbo].[PageTaskPageStage] ([taskId], [pageNumber], [taskTypeCode]) VALUES (24, 3, N'INKING')
INSERT [dbo].[PageTaskPageStage] ([taskId], [pageNumber], [taskTypeCode]) VALUES (24, 4, N'COLORING')
INSERT [dbo].[PageTaskPageStage] ([taskId], [pageNumber], [taskTypeCode]) VALUES (24, 5, N'LETTERING')
INSERT [dbo].[PageTaskPageStage] ([taskId], [pageNumber], [taskTypeCode]) VALUES (25, 1, N'SCREENTONE')
INSERT [dbo].[PageTaskPageStage] ([taskId], [pageNumber], [taskTypeCode]) VALUES (25, 2, N'LETTERING')
INSERT [dbo].[PageTaskPageStage] ([taskId], [pageNumber], [taskTypeCode]) VALUES (26, 5, N'COLORING')
INSERT [dbo].[PageTaskStage] ([taskId], [taskTypeCode]) VALUES (27, N'SKETCHING')
INSERT [dbo].[PageTaskStage] ([taskId], [taskTypeCode]) VALUES (28, N'SKETCHING')
INSERT [dbo].[PageTaskPageStage] ([taskId], [pageNumber], [taskTypeCode]) VALUES (27, 7, N'SKETCHING')
INSERT [dbo].[PageTaskPageStage] ([taskId], [pageNumber], [taskTypeCode]) VALUES (27, 8, N'SKETCHING')
INSERT [dbo].[PageTaskPageStage] ([taskId], [pageNumber], [taskTypeCode]) VALUES (27, 9, N'SKETCHING')
INSERT [dbo].[PageTaskPageStage] ([taskId], [pageNumber], [taskTypeCode]) VALUES (27, 10, N'SKETCHING')
INSERT [dbo].[PageTaskPageStage] ([taskId], [pageNumber], [taskTypeCode]) VALUES (27, 11, N'SKETCHING')
INSERT [dbo].[PageTaskPageStage] ([taskId], [pageNumber], [taskTypeCode]) VALUES (27, 12, N'SKETCHING')
INSERT [dbo].[PageTaskPageStage] ([taskId], [pageNumber], [taskTypeCode]) VALUES (27, 13, N'SKETCHING')
INSERT [dbo].[PageTaskPageStage] ([taskId], [pageNumber], [taskTypeCode]) VALUES (27, 14, N'SKETCHING')
INSERT [dbo].[PageTaskPageStage] ([taskId], [pageNumber], [taskTypeCode]) VALUES (27, 15, N'SKETCHING')
INSERT [dbo].[PageTaskPageStage] ([taskId], [pageNumber], [taskTypeCode]) VALUES (27, 16, N'SKETCHING')
INSERT [dbo].[PageTaskPageStage] ([taskId], [pageNumber], [taskTypeCode]) VALUES (27, 17, N'SKETCHING')
INSERT [dbo].[PageTaskPageStage] ([taskId], [pageNumber], [taskTypeCode]) VALUES (27, 18, N'SKETCHING')
INSERT [dbo].[PageTaskPageStage] ([taskId], [pageNumber], [taskTypeCode]) VALUES (28, 11, N'SKETCHING')
INSERT [dbo].[PageTaskPageStage] ([taskId], [pageNumber], [taskTypeCode]) VALUES (28, 12, N'SKETCHING')
INSERT [dbo].[PageTaskPageStage] ([taskId], [pageNumber], [taskTypeCode]) VALUES (28, 13, N'SKETCHING')
INSERT [dbo].[PageTaskPageStage] ([taskId], [pageNumber], [taskTypeCode]) VALUES (28, 14, N'SKETCHING')
INSERT [dbo].[PageTaskPageStage] ([taskId], [pageNumber], [taskTypeCode]) VALUES (28, 15, N'SKETCHING')
INSERT [dbo].[PageTaskPageStage] ([taskId], [pageNumber], [taskTypeCode]) VALUES (28, 16, N'SKETCHING')
INSERT [dbo].[PageTaskPageStage] ([taskId], [pageNumber], [taskTypeCode]) VALUES (28, 17, N'SKETCHING')
INSERT [dbo].[PageTaskPageStage] ([taskId], [pageNumber], [taskTypeCode]) VALUES (28, 18, N'SKETCHING')
INSERT [dbo].[PageTaskPageStage] ([taskId], [pageNumber], [taskTypeCode]) VALUES (28, 19, N'SKETCHING')
INSERT [dbo].[PageTaskPageStage] ([taskId], [pageNumber], [taskTypeCode]) VALUES (28, 20, N'SKETCHING')
GO
SET IDENTITY_INSERT [dbo].[ProposalBoardRound] ON 

INSERT [dbo].[ProposalBoardRound] ([id], [proposalId], [submitAttemptNumber], [roundNumber], [status], [openedAt], [closesAt], [closedAt], [closeReason]) VALUES (0, 0, 1, 1, N'CLOSED', CAST(N'2026-05-04T03:09:39.387' AS DateTime), CAST(N'2026-05-07T03:09:39.387' AS DateTime), CAST(N'2026-05-07T03:09:39.387' AS DateTime), N'EXPIRED')
INSERT [dbo].[ProposalBoardRound] ([id], [proposalId], [submitAttemptNumber], [roundNumber], [status], [openedAt], [closesAt], [closedAt], [closeReason]) VALUES (1, 1, 1, 1, N'CLOSED', CAST(N'2026-05-26T19:09:39.390' AS DateTime), CAST(N'2026-05-29T19:09:39.390' AS DateTime), CAST(N'2026-06-11T21:00:00.223' AS DateTime), N'EXPIRED')
INSERT [dbo].[ProposalBoardRound] ([id], [proposalId], [submitAttemptNumber], [roundNumber], [status], [openedAt], [closesAt], [closedAt], [closeReason]) VALUES (2, 2, 1, 1, N'CLOSED', CAST(N'2026-05-10T03:09:39.390' AS DateTime), CAST(N'2026-05-13T03:09:39.390' AS DateTime), CAST(N'2026-05-13T03:09:39.390' AS DateTime), N'EXPIRED')
INSERT [dbo].[ProposalBoardRound] ([id], [proposalId], [submitAttemptNumber], [roundNumber], [status], [openedAt], [closesAt], [closedAt], [closeReason]) VALUES (3, 3, 2, 1, N'CLOSED', CAST(N'2026-05-17T03:09:39.390' AS DateTime), CAST(N'2026-05-20T03:09:39.390' AS DateTime), CAST(N'2026-05-20T03:09:39.390' AS DateTime), N'EXPIRED')
INSERT [dbo].[ProposalBoardRound] ([id], [proposalId], [submitAttemptNumber], [roundNumber], [status], [openedAt], [closesAt], [closedAt], [closeReason]) VALUES (4, 4, 1, 1, N'CLOSED', CAST(N'2026-05-22T03:09:39.390' AS DateTime), CAST(N'2026-05-25T03:09:39.390' AS DateTime), CAST(N'2026-05-25T03:09:39.390' AS DateTime), N'EXPIRED')
INSERT [dbo].[ProposalBoardRound] ([id], [proposalId], [submitAttemptNumber], [roundNumber], [status], [openedAt], [closesAt], [closedAt], [closeReason]) VALUES (5, 9, 2, 1, N'CLOSED', CAST(N'2026-05-12T03:09:39.390' AS DateTime), CAST(N'2026-05-15T03:09:39.390' AS DateTime), CAST(N'2026-05-15T03:09:39.390' AS DateTime), N'EXPIRED')
INSERT [dbo].[ProposalBoardRound] ([id], [proposalId], [submitAttemptNumber], [roundNumber], [status], [openedAt], [closesAt], [closedAt], [closeReason]) VALUES (6, 10, 1, 1, N'CLOSED', CAST(N'2026-04-29T03:09:39.390' AS DateTime), CAST(N'2026-05-02T03:09:39.390' AS DateTime), CAST(N'2026-05-02T03:09:39.390' AS DateTime), N'EXPIRED')
SET IDENTITY_INSERT [dbo].[ProposalBoardRound] OFF
GO
SET IDENTITY_INSERT [dbo].[ProposalHistory] ON 

INSERT [dbo].[ProposalHistory] ([id], [proposalId], [actorId], [actorRole], [actionType], [note], [submitAttemptNumber], [boardRoundId], [createdAt]) VALUES (0, 0, 1, N'MANGAKA', N'CREATED', N'Seed draft proposal created.', 0, NULL, CAST(N'2026-05-02T03:09:39.333' AS DateTime))
INSERT [dbo].[ProposalHistory] ([id], [proposalId], [actorId], [actorRole], [actionType], [note], [submitAttemptNumber], [boardRoundId], [createdAt]) VALUES (1, 0, 1, N'MANGAKA', N'SUBMITTED', N'Seed proposal submitted for Tantou review.', 1, NULL, CAST(N'2026-05-03T03:09:39.333' AS DateTime))
INSERT [dbo].[ProposalHistory] ([id], [proposalId], [actorId], [actorRole], [actionType], [note], [submitAttemptNumber], [boardRoundId], [createdAt]) VALUES (2, 0, NULL, N'SYSTEM', N'ASSIGNED_EDITOR', N'Assigned to Tantou Editor tantou1.', 1, NULL, CAST(N'2026-05-03T03:09:39.333' AS DateTime))
INSERT [dbo].[ProposalHistory] ([id], [proposalId], [actorId], [actorRole], [actionType], [note], [submitAttemptNumber], [boardRoundId], [createdAt]) VALUES (3, 0, 6, N'TANTOU_EDITOR', N'APPROVED', N'Seed proposal approved.', 1, NULL, CAST(N'2026-05-04T03:09:39.333' AS DateTime))
INSERT [dbo].[ProposalHistory] ([id], [proposalId], [actorId], [actorRole], [actionType], [note], [submitAttemptNumber], [boardRoundId], [createdAt]) VALUES (4, 1, 1, N'MANGAKA', N'CREATED', N'Seed draft proposal created.', 0, NULL, CAST(N'2026-05-22T03:09:39.333' AS DateTime))
INSERT [dbo].[ProposalHistory] ([id], [proposalId], [actorId], [actorRole], [actionType], [note], [submitAttemptNumber], [boardRoundId], [createdAt]) VALUES (5, 1, 1, N'MANGAKA', N'SUBMITTED', N'Seed proposal submitted for Tantou review.', 1, NULL, CAST(N'2026-05-24T03:09:39.333' AS DateTime))
INSERT [dbo].[ProposalHistory] ([id], [proposalId], [actorId], [actorRole], [actionType], [note], [submitAttemptNumber], [boardRoundId], [createdAt]) VALUES (6, 1, NULL, N'SYSTEM', N'ASSIGNED_EDITOR', N'Assigned to Tantou Editor tantou1.', 1, NULL, CAST(N'2026-05-24T03:09:39.333' AS DateTime))
INSERT [dbo].[ProposalHistory] ([id], [proposalId], [actorId], [actorRole], [actionType], [note], [submitAttemptNumber], [boardRoundId], [createdAt]) VALUES (7, 1, 6, N'TANTOU_EDITOR', N'APPROVED', N'Approved for Editorial Board voting.', 1, NULL, CAST(N'2026-05-26T19:09:39.333' AS DateTime))
INSERT [dbo].[ProposalHistory] ([id], [proposalId], [actorId], [actorRole], [actionType], [note], [submitAttemptNumber], [boardRoundId], [createdAt]) VALUES (8, 2, 12, N'MANGAKA', N'CREATED', N'Extended seed proposal created.', 0, NULL, CAST(N'2026-05-05T03:09:39.333' AS DateTime))
INSERT [dbo].[ProposalHistory] ([id], [proposalId], [actorId], [actorRole], [actionType], [note], [submitAttemptNumber], [boardRoundId], [createdAt]) VALUES (9, 2, 12, N'MANGAKA', N'SUBMITTED', N'Submitted with menu-board character samples.', 1, NULL, CAST(N'2026-05-09T03:09:39.333' AS DateTime))
INSERT [dbo].[ProposalHistory] ([id], [proposalId], [actorId], [actorRole], [actionType], [note], [submitAttemptNumber], [boardRoundId], [createdAt]) VALUES (10, 2, NULL, N'SYSTEM', N'ASSIGNED_EDITOR', N'Assigned to Tantou Editor tantou2.', 1, NULL, CAST(N'2026-05-09T03:09:39.333' AS DateTime))
INSERT [dbo].[ProposalHistory] ([id], [proposalId], [actorId], [actorRole], [actionType], [note], [submitAttemptNumber], [boardRoundId], [createdAt]) VALUES (11, 2, 22, N'TANTOU_EDITOR', N'APPROVED', N'Approved for short pilot serialization.', 1, NULL, CAST(N'2026-05-10T03:09:39.333' AS DateTime))
INSERT [dbo].[ProposalHistory] ([id], [proposalId], [actorId], [actorRole], [actionType], [note], [submitAttemptNumber], [boardRoundId], [createdAt]) VALUES (12, 3, 13, N'MANGAKA', N'CREATED', N'Extended seed proposal created.', 0, NULL, CAST(N'2026-05-02T03:09:39.333' AS DateTime))
INSERT [dbo].[ProposalHistory] ([id], [proposalId], [actorId], [actorRole], [actionType], [note], [submitAttemptNumber], [boardRoundId], [createdAt]) VALUES (13, 3, 13, N'MANGAKA', N'SUBMITTED', N'Resubmitted after tone revision.', 2, NULL, CAST(N'2026-05-13T03:09:39.333' AS DateTime))
INSERT [dbo].[ProposalHistory] ([id], [proposalId], [actorId], [actorRole], [actionType], [note], [submitAttemptNumber], [boardRoundId], [createdAt]) VALUES (14, 3, 6, N'TANTOU_EDITOR', N'APPROVED', N'Approved after second attempt.', 2, NULL, CAST(N'2026-05-17T03:09:39.333' AS DateTime))
INSERT [dbo].[ProposalHistory] ([id], [proposalId], [actorId], [actorRole], [actionType], [note], [submitAttemptNumber], [boardRoundId], [createdAt]) VALUES (15, 4, 12, N'MANGAKA', N'CREATED', N'Extended seed proposal created.', 0, NULL, CAST(N'2026-05-19T03:09:39.333' AS DateTime))
INSERT [dbo].[ProposalHistory] ([id], [proposalId], [actorId], [actorRole], [actionType], [note], [submitAttemptNumber], [boardRoundId], [createdAt]) VALUES (16, 4, 12, N'MANGAKA', N'SUBMITTED', N'Submitted cozy drama concept.', 1, NULL, CAST(N'2026-05-21T03:09:39.333' AS DateTime))
INSERT [dbo].[ProposalHistory] ([id], [proposalId], [actorId], [actorRole], [actionType], [note], [submitAttemptNumber], [boardRoundId], [createdAt]) VALUES (17, 4, 22, N'TANTOU_EDITOR', N'APPROVED', N'Approved for Editorial Board voting.', 1, NULL, CAST(N'2026-05-22T03:09:39.333' AS DateTime))
INSERT [dbo].[ProposalHistory] ([id], [proposalId], [actorId], [actorRole], [actionType], [note], [submitAttemptNumber], [boardRoundId], [createdAt]) VALUES (18, 5, 12, N'MANGAKA', N'CREATED', N'Initial draft created.', 0, NULL, CAST(N'2026-05-17T03:09:39.333' AS DateTime))
INSERT [dbo].[ProposalHistory] ([id], [proposalId], [actorId], [actorRole], [actionType], [note], [submitAttemptNumber], [boardRoundId], [createdAt]) VALUES (19, 6, 13, N'MANGAKA', N'CREATED', N'Initial draft created.', 0, NULL, CAST(N'2026-05-19T03:09:39.333' AS DateTime))
INSERT [dbo].[ProposalHistory] ([id], [proposalId], [actorId], [actorRole], [actionType], [note], [submitAttemptNumber], [boardRoundId], [createdAt]) VALUES (20, 6, 13, N'MANGAKA', N'SUBMITTED', N'Submitted for Tantou review.', 1, NULL, CAST(N'2026-05-20T03:09:39.333' AS DateTime))
INSERT [dbo].[ProposalHistory] ([id], [proposalId], [actorId], [actorRole], [actionType], [note], [submitAttemptNumber], [boardRoundId], [createdAt]) VALUES (21, 7, 14, N'MANGAKA', N'CREATED', N'Initial draft created.', 0, NULL, CAST(N'2026-05-22T03:09:39.333' AS DateTime))
INSERT [dbo].[ProposalHistory] ([id], [proposalId], [actorId], [actorRole], [actionType], [note], [submitAttemptNumber], [boardRoundId], [createdAt]) VALUES (22, 7, 14, N'MANGAKA', N'SUBMITTED', N'Submitted for Tantou review.', 1, NULL, CAST(N'2026-05-23T03:09:39.333' AS DateTime))
INSERT [dbo].[ProposalHistory] ([id], [proposalId], [actorId], [actorRole], [actionType], [note], [submitAttemptNumber], [boardRoundId], [createdAt]) VALUES (23, 7, NULL, N'SYSTEM', N'ASSIGNED_EDITOR', N'Assigned to Tantou Editor tantou2.', 1, NULL, CAST(N'2026-05-23T03:09:39.333' AS DateTime))
INSERT [dbo].[ProposalHistory] ([id], [proposalId], [actorId], [actorRole], [actionType], [note], [submitAttemptNumber], [boardRoundId], [createdAt]) VALUES (24, 8, 15, N'MANGAKA', N'CREATED', N'Initial draft created.', 0, NULL, CAST(N'2026-05-12T03:09:39.333' AS DateTime))
INSERT [dbo].[ProposalHistory] ([id], [proposalId], [actorId], [actorRole], [actionType], [note], [submitAttemptNumber], [boardRoundId], [createdAt]) VALUES (25, 8, 15, N'MANGAKA', N'SUBMITTED', N'Submitted for Tantou review.', 1, NULL, CAST(N'2026-05-15T03:09:39.333' AS DateTime))
INSERT [dbo].[ProposalHistory] ([id], [proposalId], [actorId], [actorRole], [actionType], [note], [submitAttemptNumber], [boardRoundId], [createdAt]) VALUES (26, 8, NULL, N'SYSTEM', N'ASSIGNED_EDITOR', N'Assigned to Tantou Editor tantou3.', 1, NULL, CAST(N'2026-05-15T03:09:39.333' AS DateTime))
INSERT [dbo].[ProposalHistory] ([id], [proposalId], [actorId], [actorRole], [actionType], [note], [submitAttemptNumber], [boardRoundId], [createdAt]) VALUES (27, 8, 23, N'TANTOU_EDITOR', N'REVISE_REQUESTED', N'Needs more worldbuilding and character depth.', 1, NULL, CAST(N'2026-05-25T03:09:39.333' AS DateTime))
INSERT [dbo].[ProposalHistory] ([id], [proposalId], [actorId], [actorRole], [actionType], [note], [submitAttemptNumber], [boardRoundId], [createdAt]) VALUES (28, 9, 13, N'MANGAKA', N'CREATED', N'Initial draft created.', 0, NULL, CAST(N'2026-05-02T03:09:39.333' AS DateTime))
INSERT [dbo].[ProposalHistory] ([id], [proposalId], [actorId], [actorRole], [actionType], [note], [submitAttemptNumber], [boardRoundId], [createdAt]) VALUES (29, 9, 13, N'MANGAKA', N'SUBMITTED', N'First submission.', 1, NULL, CAST(N'2026-05-07T03:09:39.333' AS DateTime))
INSERT [dbo].[ProposalHistory] ([id], [proposalId], [actorId], [actorRole], [actionType], [note], [submitAttemptNumber], [boardRoundId], [createdAt]) VALUES (30, 9, NULL, N'SYSTEM', N'ASSIGNED_EDITOR', N'Assigned to Tantou Editor tantou1.', 1, NULL, CAST(N'2026-05-07T03:09:39.333' AS DateTime))
INSERT [dbo].[ProposalHistory] ([id], [proposalId], [actorId], [actorRole], [actionType], [note], [submitAttemptNumber], [boardRoundId], [createdAt]) VALUES (31, 9, 6, N'TANTOU_EDITOR', N'REVISE_REQUESTED', N'Concept needs significant refinement.', 1, NULL, CAST(N'2026-05-09T03:09:39.333' AS DateTime))
INSERT [dbo].[ProposalHistory] ([id], [proposalId], [actorId], [actorRole], [actionType], [note], [submitAttemptNumber], [boardRoundId], [createdAt]) VALUES (32, 9, 13, N'MANGAKA', N'RESUBMITTED', N'Resubmitted with revisions.', 2, NULL, CAST(N'2026-05-11T03:09:39.333' AS DateTime))
INSERT [dbo].[ProposalHistory] ([id], [proposalId], [actorId], [actorRole], [actionType], [note], [submitAttemptNumber], [boardRoundId], [createdAt]) VALUES (33, 9, 6, N'TANTOU_EDITOR', N'APPROVED', N'Approved for final Editorial Board decision.', 2, NULL, CAST(N'2026-05-12T03:09:39.333' AS DateTime))
INSERT [dbo].[ProposalHistory] ([id], [proposalId], [actorId], [actorRole], [actionType], [note], [submitAttemptNumber], [boardRoundId], [createdAt]) VALUES (34, 10, 12, N'MANGAKA', N'CREATED', N'Initial draft created.', 0, NULL, CAST(N'2026-04-22T03:09:39.333' AS DateTime))
INSERT [dbo].[ProposalHistory] ([id], [proposalId], [actorId], [actorRole], [actionType], [note], [submitAttemptNumber], [boardRoundId], [createdAt]) VALUES (35, 10, 12, N'MANGAKA', N'SUBMITTED', N'Submitted for review.', 1, NULL, CAST(N'2026-04-27T03:09:39.333' AS DateTime))
INSERT [dbo].[ProposalHistory] ([id], [proposalId], [actorId], [actorRole], [actionType], [note], [submitAttemptNumber], [boardRoundId], [createdAt]) VALUES (36, 10, NULL, N'SYSTEM', N'ASSIGNED_EDITOR', N'Assigned to Tantou Editor tantou2.', 1, NULL, CAST(N'2026-04-27T03:09:39.333' AS DateTime))
INSERT [dbo].[ProposalHistory] ([id], [proposalId], [actorId], [actorRole], [actionType], [note], [submitAttemptNumber], [boardRoundId], [createdAt]) VALUES (37, 10, 22, N'TANTOU_EDITOR', N'APPROVED', N'Excellent concept. Approved for series.', 1, NULL, CAST(N'2026-04-29T03:09:39.333' AS DateTime))
INSERT [dbo].[ProposalHistory] ([id], [proposalId], [actorId], [actorRole], [actionType], [note], [submitAttemptNumber], [boardRoundId], [createdAt]) VALUES (38, 0, 7, N'EDITORIAL_BOARD', N'APPROVED', N'Strong premise and production plan.', 1, 0, CAST(N'2026-05-05T03:09:39.390' AS DateTime))
INSERT [dbo].[ProposalHistory] ([id], [proposalId], [actorId], [actorRole], [actionType], [note], [submitAttemptNumber], [boardRoundId], [createdAt]) VALUES (39, 0, 8, N'EDITORIAL_BOARD', N'APPROVED', N'Clear audience fit.', 1, 0, CAST(N'2026-05-06T03:09:39.390' AS DateTime))
INSERT [dbo].[ProposalHistory] ([id], [proposalId], [actorId], [actorRole], [actionType], [note], [submitAttemptNumber], [boardRoundId], [createdAt]) VALUES (40, 0, 9, N'EDITORIAL_BOARD', N'APPROVED', N'Ready for serialization.', 1, 0, CAST(N'2026-05-07T03:09:39.390' AS DateTime))
INSERT [dbo].[ProposalHistory] ([id], [proposalId], [actorId], [actorRole], [actionType], [note], [submitAttemptNumber], [boardRoundId], [createdAt]) VALUES (41, 0, NULL, N'SYSTEM', N'APPROVED', N'Editorial Board approved publication after quorum.', 1, 0, CAST(N'2026-05-07T03:09:39.390' AS DateTime))
INSERT [dbo].[ProposalHistory] ([id], [proposalId], [actorId], [actorRole], [actionType], [note], [submitAttemptNumber], [boardRoundId], [createdAt]) VALUES (42, 1, 7, N'EDITORIAL_BOARD', N'APPROVED', N'Visual hook is strong.', 1, 1, CAST(N'2026-05-26T20:09:39.390' AS DateTime))
INSERT [dbo].[ProposalHistory] ([id], [proposalId], [actorId], [actorRole], [actionType], [note], [submitAttemptNumber], [boardRoundId], [createdAt]) VALUES (43, 1, 8, N'EDITORIAL_BOARD', N'APPROVED', N'Good fit for action readers.', 1, 1, CAST(N'2026-05-26T21:09:39.390' AS DateTime))
INSERT [dbo].[ProposalHistory] ([id], [proposalId], [actorId], [actorRole], [actionType], [note], [submitAttemptNumber], [boardRoundId], [createdAt]) VALUES (44, 1, 9, N'EDITORIAL_BOARD', N'REVISE_REQUESTED', N'Clarify the AI antagonist before launch.', 1, 1, CAST(N'2026-05-26T22:09:39.390' AS DateTime))
INSERT [dbo].[ProposalHistory] ([id], [proposalId], [actorId], [actorRole], [actionType], [note], [submitAttemptNumber], [boardRoundId], [createdAt]) VALUES (45, 2, 7, N'EDITORIAL_BOARD', N'APPROVED', N'Distinctive world and gentle pacing.', 1, 2, CAST(N'2026-05-11T03:09:39.390' AS DateTime))
INSERT [dbo].[ProposalHistory] ([id], [proposalId], [actorId], [actorRole], [actionType], [note], [submitAttemptNumber], [boardRoundId], [createdAt]) VALUES (46, 2, 8, N'EDITORIAL_BOARD', N'APPROVED', N'Strong pilot appeal.', 1, 2, CAST(N'2026-05-12T03:09:39.390' AS DateTime))
INSERT [dbo].[ProposalHistory] ([id], [proposalId], [actorId], [actorRole], [actionType], [note], [submitAttemptNumber], [boardRoundId], [createdAt]) VALUES (47, 2, 9, N'EDITORIAL_BOARD', N'APPROVED', N'Approve for short pilot serialization.', 1, 2, CAST(N'2026-05-13T03:09:39.390' AS DateTime))
INSERT [dbo].[ProposalHistory] ([id], [proposalId], [actorId], [actorRole], [actionType], [note], [submitAttemptNumber], [boardRoundId], [createdAt]) VALUES (48, 2, NULL, N'SYSTEM', N'APPROVED', N'Editorial Board approved publication after quorum.', 1, 2, CAST(N'2026-05-13T03:09:39.390' AS DateTime))
INSERT [dbo].[ProposalHistory] ([id], [proposalId], [actorId], [actorRole], [actionType], [note], [submitAttemptNumber], [boardRoundId], [createdAt]) VALUES (49, 3, 7, N'EDITORIAL_BOARD', N'APPROVED', N'Revision addressed the tone issue.', 2, 3, CAST(N'2026-05-18T03:09:39.390' AS DateTime))
INSERT [dbo].[ProposalHistory] ([id], [proposalId], [actorId], [actorRole], [actionType], [note], [submitAttemptNumber], [boardRoundId], [createdAt]) VALUES (50, 3, 8, N'EDITORIAL_BOARD', N'APPROVED', N'Characters are now clearer.', 2, 3, CAST(N'2026-05-19T03:09:39.390' AS DateTime))
INSERT [dbo].[ProposalHistory] ([id], [proposalId], [actorId], [actorRole], [actionType], [note], [submitAttemptNumber], [boardRoundId], [createdAt]) VALUES (51, 3, 9, N'EDITORIAL_BOARD', N'APPROVED', N'Approve after second attempt.', 2, 3, CAST(N'2026-05-20T03:09:39.390' AS DateTime))
INSERT [dbo].[ProposalHistory] ([id], [proposalId], [actorId], [actorRole], [actionType], [note], [submitAttemptNumber], [boardRoundId], [createdAt]) VALUES (52, 3, NULL, N'SYSTEM', N'APPROVED', N'Editorial Board approved publication after quorum.', 2, 3, CAST(N'2026-05-20T03:09:39.390' AS DateTime))
INSERT [dbo].[ProposalHistory] ([id], [proposalId], [actorId], [actorRole], [actionType], [note], [submitAttemptNumber], [boardRoundId], [createdAt]) VALUES (53, 4, 7, N'EDITORIAL_BOARD', N'REVISE_REQUESTED', N'Main conflict needs sharper stakes.', 1, 4, CAST(N'2026-05-23T03:09:39.390' AS DateTime))
INSERT [dbo].[ProposalHistory] ([id], [proposalId], [actorId], [actorRole], [actionType], [note], [submitAttemptNumber], [boardRoundId], [createdAt]) VALUES (54, 4, 8, N'EDITORIAL_BOARD', N'REVISE_REQUESTED', N'Please clarify chapter one escalation.', 1, 4, CAST(N'2026-05-24T03:09:39.390' AS DateTime))
INSERT [dbo].[ProposalHistory] ([id], [proposalId], [actorId], [actorRole], [actionType], [note], [submitAttemptNumber], [boardRoundId], [createdAt]) VALUES (55, 4, 9, N'EDITORIAL_BOARD', N'APPROVED', N'Cozy tone is promising.', 1, 4, CAST(N'2026-05-25T03:09:39.390' AS DateTime))
INSERT [dbo].[ProposalHistory] ([id], [proposalId], [actorId], [actorRole], [actionType], [note], [submitAttemptNumber], [boardRoundId], [createdAt]) VALUES (56, 4, NULL, N'SYSTEM', N'REVISE_REQUESTED', N'Editorial Board requested revisions before publication.', 1, 4, CAST(N'2026-05-25T03:09:39.390' AS DateTime))
INSERT [dbo].[ProposalHistory] ([id], [proposalId], [actorId], [actorRole], [actionType], [note], [submitAttemptNumber], [boardRoundId], [createdAt]) VALUES (57, 9, 7, N'EDITORIAL_BOARD', N'REJECTED', N'Too similar to current catalogue works.', 2, 5, CAST(N'2026-05-13T03:09:39.390' AS DateTime))
INSERT [dbo].[ProposalHistory] ([id], [proposalId], [actorId], [actorRole], [actionType], [note], [submitAttemptNumber], [boardRoundId], [createdAt]) VALUES (58, 9, 8, N'EDITORIAL_BOARD', N'REJECTED', N'Second attempt did not separate the premise enough.', 2, 5, CAST(N'2026-05-14T03:09:39.390' AS DateTime))
INSERT [dbo].[ProposalHistory] ([id], [proposalId], [actorId], [actorRole], [actionType], [note], [submitAttemptNumber], [boardRoundId], [createdAt]) VALUES (59, 9, 9, N'EDITORIAL_BOARD', N'REJECTED', N'Reject after final review.', 2, 5, CAST(N'2026-05-15T03:09:39.390' AS DateTime))
INSERT [dbo].[ProposalHistory] ([id], [proposalId], [actorId], [actorRole], [actionType], [note], [submitAttemptNumber], [boardRoundId], [createdAt]) VALUES (60, 9, NULL, N'SYSTEM', N'REJECTED', N'Editorial Board rejected publication.', 2, 5, CAST(N'2026-05-15T03:09:39.390' AS DateTime))
INSERT [dbo].[ProposalHistory] ([id], [proposalId], [actorId], [actorRole], [actionType], [note], [submitAttemptNumber], [boardRoundId], [createdAt]) VALUES (61, 10, 7, N'EDITORIAL_BOARD', N'APPROVED', N'Strong thriller engine.', 1, 6, CAST(N'2026-04-30T03:09:39.390' AS DateTime))
INSERT [dbo].[ProposalHistory] ([id], [proposalId], [actorId], [actorRole], [actionType], [note], [submitAttemptNumber], [boardRoundId], [createdAt]) VALUES (62, 10, 8, N'EDITORIAL_BOARD', N'APPROVED', N'Commercially clear and polished.', 1, 6, CAST(N'2026-05-01T03:09:39.390' AS DateTime))
INSERT [dbo].[ProposalHistory] ([id], [proposalId], [actorId], [actorRole], [actionType], [note], [submitAttemptNumber], [boardRoundId], [createdAt]) VALUES (63, 10, 9, N'EDITORIAL_BOARD', N'APPROVED', N'Approve for series.', 1, 6, CAST(N'2026-05-02T03:09:39.390' AS DateTime))
INSERT [dbo].[ProposalHistory] ([id], [proposalId], [actorId], [actorRole], [actionType], [note], [submitAttemptNumber], [boardRoundId], [createdAt]) VALUES (64, 10, NULL, N'SYSTEM', N'APPROVED', N'Editorial Board approved publication after quorum.', 1, 6, CAST(N'2026-05-02T03:09:39.390' AS DateTime))
INSERT [dbo].[ProposalHistory] ([id], [proposalId], [actorId], [actorRole], [actionType], [note], [submitAttemptNumber], [boardRoundId], [createdAt]) VALUES (65, 1, NULL, N'SYSTEM', N'APPROVED', N'Editorial Board approved publication.', 1, NULL, CAST(N'2026-06-11T21:00:00.300' AS DateTime))
SET IDENTITY_INSERT [dbo].[ProposalHistory] OFF
GO
INSERT [dbo].[ProposalBoardRoundVoter] ([roundId], [voterId]) VALUES (0, 7)
INSERT [dbo].[ProposalBoardRoundVoter] ([roundId], [voterId]) VALUES (0, 8)
INSERT [dbo].[ProposalBoardRoundVoter] ([roundId], [voterId]) VALUES (0, 9)
INSERT [dbo].[ProposalBoardRoundVoter] ([roundId], [voterId]) VALUES (0, 10)
INSERT [dbo].[ProposalBoardRoundVoter] ([roundId], [voterId]) VALUES (0, 11)
INSERT [dbo].[ProposalBoardRoundVoter] ([roundId], [voterId]) VALUES (1, 7)
INSERT [dbo].[ProposalBoardRoundVoter] ([roundId], [voterId]) VALUES (1, 8)
INSERT [dbo].[ProposalBoardRoundVoter] ([roundId], [voterId]) VALUES (1, 9)
INSERT [dbo].[ProposalBoardRoundVoter] ([roundId], [voterId]) VALUES (1, 10)
INSERT [dbo].[ProposalBoardRoundVoter] ([roundId], [voterId]) VALUES (1, 11)
INSERT [dbo].[ProposalBoardRoundVoter] ([roundId], [voterId]) VALUES (2, 7)
INSERT [dbo].[ProposalBoardRoundVoter] ([roundId], [voterId]) VALUES (2, 8)
INSERT [dbo].[ProposalBoardRoundVoter] ([roundId], [voterId]) VALUES (2, 9)
INSERT [dbo].[ProposalBoardRoundVoter] ([roundId], [voterId]) VALUES (2, 10)
INSERT [dbo].[ProposalBoardRoundVoter] ([roundId], [voterId]) VALUES (2, 11)
INSERT [dbo].[ProposalBoardRoundVoter] ([roundId], [voterId]) VALUES (3, 7)
INSERT [dbo].[ProposalBoardRoundVoter] ([roundId], [voterId]) VALUES (3, 8)
INSERT [dbo].[ProposalBoardRoundVoter] ([roundId], [voterId]) VALUES (3, 9)
INSERT [dbo].[ProposalBoardRoundVoter] ([roundId], [voterId]) VALUES (3, 10)
INSERT [dbo].[ProposalBoardRoundVoter] ([roundId], [voterId]) VALUES (3, 11)
INSERT [dbo].[ProposalBoardRoundVoter] ([roundId], [voterId]) VALUES (4, 7)
INSERT [dbo].[ProposalBoardRoundVoter] ([roundId], [voterId]) VALUES (4, 8)
INSERT [dbo].[ProposalBoardRoundVoter] ([roundId], [voterId]) VALUES (4, 9)
INSERT [dbo].[ProposalBoardRoundVoter] ([roundId], [voterId]) VALUES (4, 10)
INSERT [dbo].[ProposalBoardRoundVoter] ([roundId], [voterId]) VALUES (4, 11)
INSERT [dbo].[ProposalBoardRoundVoter] ([roundId], [voterId]) VALUES (5, 7)
INSERT [dbo].[ProposalBoardRoundVoter] ([roundId], [voterId]) VALUES (5, 8)
INSERT [dbo].[ProposalBoardRoundVoter] ([roundId], [voterId]) VALUES (5, 9)
INSERT [dbo].[ProposalBoardRoundVoter] ([roundId], [voterId]) VALUES (5, 10)
INSERT [dbo].[ProposalBoardRoundVoter] ([roundId], [voterId]) VALUES (5, 11)
INSERT [dbo].[ProposalBoardRoundVoter] ([roundId], [voterId]) VALUES (6, 7)
INSERT [dbo].[ProposalBoardRoundVoter] ([roundId], [voterId]) VALUES (6, 8)
INSERT [dbo].[ProposalBoardRoundVoter] ([roundId], [voterId]) VALUES (6, 9)
INSERT [dbo].[ProposalBoardRoundVoter] ([roundId], [voterId]) VALUES (6, 10)
INSERT [dbo].[ProposalBoardRoundVoter] ([roundId], [voterId]) VALUES (6, 11)
GO
SET IDENTITY_INSERT [dbo].[RankingCsvUpload] ON 

INSERT [dbo].[RankingCsvUpload] ([id], [periodId], [boardMemberId], [csvFileName], [csvContent], [uploadedAt]) VALUES (1, 1, 7, N'board1_data.csv', N'series_id,series_name,mangaka_id,likes,reads,revenue
0,Shadows of Edo,1,1200,5000,3200
1,Celestial Kitchen,12,800,4000,1500
2,Neon Lotus High,13,1500,6000,5000
3,Shadows of Tokyo,12,300,2500,900
', CAST(N'2026-07-17T13:33:26.497' AS DateTime))
INSERT [dbo].[RankingCsvUpload] ([id], [periodId], [boardMemberId], [csvFileName], [csvContent], [uploadedAt]) VALUES (2, 2, 8, N'board2_data.csv', N'series_id,series_name,mangaka_id,likes,reads,revenue
0,Shadows of Edo,1,1200,3000,3200
1,Celestial Kitchen,12,800,2000,1500
2,Neon Lotus High,13,1500,6000,5000
3,Shadows of Tokyo,12,300,3500,900
4,Cyber Ronin,1,663,1000,2000
', CAST(N'2026-07-17T13:34:24.880' AS DateTime))
INSERT [dbo].[RankingCsvUpload] ([id], [periodId], [boardMemberId], [csvFileName], [csvContent], [uploadedAt]) VALUES (3, 3, 7, N'board1_data.csv', N'series_id,series_name,mangaka_id,likes,reads,revenue
0,Shadows of Edo,1,1200,5000,3200
1,Celestial Kitchen,12,800,4000,1500
2,Neon Lotus High,13,1500,6000,5000
3,Shadows of Tokyo,12,300,2500,900
', CAST(N'2026-07-17T13:36:27.167' AS DateTime))
INSERT [dbo].[RankingCsvUpload] ([id], [periodId], [boardMemberId], [csvFileName], [csvContent], [uploadedAt]) VALUES (4, 3, 8, N'board2_data.csv', N'series_id,series_name,mangaka_id,likes,reads,revenue
0,Shadows of Edo,1,1200,3000,3200
1,Celestial Kitchen,12,800,2000,1500
2,Neon Lotus High,13,1500,6000,5000
3,Shadows of Tokyo,12,300,3500,900
4,Cyber Ronin,1,663,1000,2000
', CAST(N'2026-07-17T13:36:53.647' AS DateTime))
INSERT [dbo].[RankingCsvUpload] ([id], [periodId], [boardMemberId], [csvFileName], [csvContent], [uploadedAt]) VALUES (5, 3, 9, N'board2_data.csv', N'series_id,series_name,mangaka_id,likes,reads,revenue
0,Shadows of Edo,1,1200,3000,3200
1,Celestial Kitchen,12,800,2000,1500
2,Neon Lotus High,13,1500,6000,5000
3,Shadows of Tokyo,12,300,3500,900
4,Cyber Ronin,1,663,1000,2000
', CAST(N'2026-07-17T13:37:11.963' AS DateTime))
SET IDENTITY_INSERT [dbo].[RankingCsvUpload] OFF
GO
SET IDENTITY_INSERT [dbo].[MangakaRankingRecord] ON 

INSERT [dbo].[MangakaRankingRecord] ([id], [periodId], [mangakaId], [totalReads], [totalRevenue], [totalLikes], [rankPosition], [calculatedAt]) VALUES (1, 1, 12, 6500, CAST(2400.00 AS Decimal(15, 2)), 1100, 1, CAST(N'2026-07-17T13:33:38.220' AS DateTime))
INSERT [dbo].[MangakaRankingRecord] ([id], [periodId], [mangakaId], [totalReads], [totalRevenue], [totalLikes], [rankPosition], [calculatedAt]) VALUES (2, 1, 13, 6000, CAST(5000.00 AS Decimal(15, 2)), 1500, 2, CAST(N'2026-07-17T13:33:38.220' AS DateTime))
INSERT [dbo].[MangakaRankingRecord] ([id], [periodId], [mangakaId], [totalReads], [totalRevenue], [totalLikes], [rankPosition], [calculatedAt]) VALUES (3, 1, 1, 5000, CAST(3200.00 AS Decimal(15, 2)), 1200, 3, CAST(N'2026-07-17T13:33:38.220' AS DateTime))
INSERT [dbo].[MangakaRankingRecord] ([id], [periodId], [mangakaId], [totalReads], [totalRevenue], [totalLikes], [rankPosition], [calculatedAt]) VALUES (4, 2, 13, 6000, CAST(5000.00 AS Decimal(15, 2)), 1500, 1, CAST(N'2026-07-17T13:34:56.540' AS DateTime))
INSERT [dbo].[MangakaRankingRecord] ([id], [periodId], [mangakaId], [totalReads], [totalRevenue], [totalLikes], [rankPosition], [calculatedAt]) VALUES (5, 2, 12, 5500, CAST(2400.00 AS Decimal(15, 2)), 1100, 2, CAST(N'2026-07-17T13:34:56.540' AS DateTime))
INSERT [dbo].[MangakaRankingRecord] ([id], [periodId], [mangakaId], [totalReads], [totalRevenue], [totalLikes], [rankPosition], [calculatedAt]) VALUES (6, 2, 1, 4000, CAST(5200.00 AS Decimal(15, 2)), 1863, 3, CAST(N'2026-07-17T13:34:56.540' AS DateTime))
INSERT [dbo].[MangakaRankingRecord] ([id], [periodId], [mangakaId], [totalReads], [totalRevenue], [totalLikes], [rankPosition], [calculatedAt]) VALUES (7, 3, 13, 18000, CAST(15000.00 AS Decimal(15, 2)), 4500, 1, CAST(N'2026-07-17T13:39:25.820' AS DateTime))
INSERT [dbo].[MangakaRankingRecord] ([id], [periodId], [mangakaId], [totalReads], [totalRevenue], [totalLikes], [rankPosition], [calculatedAt]) VALUES (8, 3, 12, 17500, CAST(7200.00 AS Decimal(15, 2)), 3300, 2, CAST(N'2026-07-17T13:39:25.820' AS DateTime))
INSERT [dbo].[MangakaRankingRecord] ([id], [periodId], [mangakaId], [totalReads], [totalRevenue], [totalLikes], [rankPosition], [calculatedAt]) VALUES (9, 3, 1, 13000, CAST(13600.00 AS Decimal(15, 2)), 4926, 3, CAST(N'2026-07-17T13:39:25.820' AS DateTime))
SET IDENTITY_INSERT [dbo].[MangakaRankingRecord] OFF
GO
SET IDENTITY_INSERT [dbo].[VoteEntry] ON 

INSERT [dbo].[VoteEntry] ([id], [periodId], [seriesId], [boardMemberId], [voteCount], [readerCount], [revenue], [submittedAt]) VALUES (1, 1, 0, 7, 1200, 5000, CAST(3200.00 AS Decimal(15, 2)), CAST(N'2026-07-17T13:33:26.440' AS DateTime))
INSERT [dbo].[VoteEntry] ([id], [periodId], [seriesId], [boardMemberId], [voteCount], [readerCount], [revenue], [submittedAt]) VALUES (2, 1, 1, 7, 800, 4000, CAST(1500.00 AS Decimal(15, 2)), CAST(N'2026-07-17T13:33:26.443' AS DateTime))
INSERT [dbo].[VoteEntry] ([id], [periodId], [seriesId], [boardMemberId], [voteCount], [readerCount], [revenue], [submittedAt]) VALUES (3, 1, 2, 7, 1500, 6000, CAST(5000.00 AS Decimal(15, 2)), CAST(N'2026-07-17T13:33:26.443' AS DateTime))
INSERT [dbo].[VoteEntry] ([id], [periodId], [seriesId], [boardMemberId], [voteCount], [readerCount], [revenue], [submittedAt]) VALUES (4, 1, 3, 7, 300, 2500, CAST(900.00 AS Decimal(15, 2)), CAST(N'2026-07-17T13:33:26.443' AS DateTime))
INSERT [dbo].[VoteEntry] ([id], [periodId], [seriesId], [boardMemberId], [voteCount], [readerCount], [revenue], [submittedAt]) VALUES (5, 2, 0, 8, 1200, 3000, CAST(3200.00 AS Decimal(15, 2)), CAST(N'2026-07-17T13:34:24.827' AS DateTime))
INSERT [dbo].[VoteEntry] ([id], [periodId], [seriesId], [boardMemberId], [voteCount], [readerCount], [revenue], [submittedAt]) VALUES (6, 2, 1, 8, 800, 2000, CAST(1500.00 AS Decimal(15, 2)), CAST(N'2026-07-17T13:34:24.830' AS DateTime))
INSERT [dbo].[VoteEntry] ([id], [periodId], [seriesId], [boardMemberId], [voteCount], [readerCount], [revenue], [submittedAt]) VALUES (7, 2, 2, 8, 1500, 6000, CAST(5000.00 AS Decimal(15, 2)), CAST(N'2026-07-17T13:34:24.830' AS DateTime))
INSERT [dbo].[VoteEntry] ([id], [periodId], [seriesId], [boardMemberId], [voteCount], [readerCount], [revenue], [submittedAt]) VALUES (8, 2, 3, 8, 300, 3500, CAST(900.00 AS Decimal(15, 2)), CAST(N'2026-07-17T13:34:24.830' AS DateTime))
INSERT [dbo].[VoteEntry] ([id], [periodId], [seriesId], [boardMemberId], [voteCount], [readerCount], [revenue], [submittedAt]) VALUES (9, 2, 4, 8, 663, 1000, CAST(2000.00 AS Decimal(15, 2)), CAST(N'2026-07-17T13:34:24.830' AS DateTime))
INSERT [dbo].[VoteEntry] ([id], [periodId], [seriesId], [boardMemberId], [voteCount], [readerCount], [revenue], [submittedAt]) VALUES (10, 3, 0, 7, 1200, 5000, CAST(3200.00 AS Decimal(15, 2)), CAST(N'2026-07-17T13:36:27.110' AS DateTime))
INSERT [dbo].[VoteEntry] ([id], [periodId], [seriesId], [boardMemberId], [voteCount], [readerCount], [revenue], [submittedAt]) VALUES (11, 3, 1, 7, 800, 4000, CAST(1500.00 AS Decimal(15, 2)), CAST(N'2026-07-17T13:36:27.110' AS DateTime))
INSERT [dbo].[VoteEntry] ([id], [periodId], [seriesId], [boardMemberId], [voteCount], [readerCount], [revenue], [submittedAt]) VALUES (12, 3, 2, 7, 1500, 6000, CAST(5000.00 AS Decimal(15, 2)), CAST(N'2026-07-17T13:36:27.110' AS DateTime))
INSERT [dbo].[VoteEntry] ([id], [periodId], [seriesId], [boardMemberId], [voteCount], [readerCount], [revenue], [submittedAt]) VALUES (13, 3, 3, 7, 300, 2500, CAST(900.00 AS Decimal(15, 2)), CAST(N'2026-07-17T13:36:27.110' AS DateTime))
INSERT [dbo].[VoteEntry] ([id], [periodId], [seriesId], [boardMemberId], [voteCount], [readerCount], [revenue], [submittedAt]) VALUES (14, 3, 0, 8, 1200, 3000, CAST(3200.00 AS Decimal(15, 2)), CAST(N'2026-07-17T13:36:53.600' AS DateTime))
INSERT [dbo].[VoteEntry] ([id], [periodId], [seriesId], [boardMemberId], [voteCount], [readerCount], [revenue], [submittedAt]) VALUES (15, 3, 1, 8, 800, 2000, CAST(1500.00 AS Decimal(15, 2)), CAST(N'2026-07-17T13:36:53.600' AS DateTime))
INSERT [dbo].[VoteEntry] ([id], [periodId], [seriesId], [boardMemberId], [voteCount], [readerCount], [revenue], [submittedAt]) VALUES (16, 3, 2, 8, 1500, 6000, CAST(5000.00 AS Decimal(15, 2)), CAST(N'2026-07-17T13:36:53.600' AS DateTime))
INSERT [dbo].[VoteEntry] ([id], [periodId], [seriesId], [boardMemberId], [voteCount], [readerCount], [revenue], [submittedAt]) VALUES (17, 3, 3, 8, 300, 3500, CAST(900.00 AS Decimal(15, 2)), CAST(N'2026-07-17T13:36:53.600' AS DateTime))
INSERT [dbo].[VoteEntry] ([id], [periodId], [seriesId], [boardMemberId], [voteCount], [readerCount], [revenue], [submittedAt]) VALUES (18, 3, 4, 8, 663, 1000, CAST(2000.00 AS Decimal(15, 2)), CAST(N'2026-07-17T13:36:53.600' AS DateTime))
INSERT [dbo].[VoteEntry] ([id], [periodId], [seriesId], [boardMemberId], [voteCount], [readerCount], [revenue], [submittedAt]) VALUES (19, 3, 0, 9, 1200, 3000, CAST(3200.00 AS Decimal(15, 2)), CAST(N'2026-07-17T13:37:11.930' AS DateTime))
INSERT [dbo].[VoteEntry] ([id], [periodId], [seriesId], [boardMemberId], [voteCount], [readerCount], [revenue], [submittedAt]) VALUES (20, 3, 1, 9, 800, 2000, CAST(1500.00 AS Decimal(15, 2)), CAST(N'2026-07-17T13:37:11.930' AS DateTime))
INSERT [dbo].[VoteEntry] ([id], [periodId], [seriesId], [boardMemberId], [voteCount], [readerCount], [revenue], [submittedAt]) VALUES (21, 3, 2, 9, 1500, 6000, CAST(5000.00 AS Decimal(15, 2)), CAST(N'2026-07-17T13:37:11.930' AS DateTime))
INSERT [dbo].[VoteEntry] ([id], [periodId], [seriesId], [boardMemberId], [voteCount], [readerCount], [revenue], [submittedAt]) VALUES (22, 3, 3, 9, 300, 3500, CAST(900.00 AS Decimal(15, 2)), CAST(N'2026-07-17T13:37:11.930' AS DateTime))
INSERT [dbo].[VoteEntry] ([id], [periodId], [seriesId], [boardMemberId], [voteCount], [readerCount], [revenue], [submittedAt]) VALUES (23, 3, 4, 9, 663, 1000, CAST(2000.00 AS Decimal(15, 2)), CAST(N'2026-07-17T13:37:11.930' AS DateTime))
SET IDENTITY_INSERT [dbo].[VoteEntry] OFF
GO
INSERT [dbo].[Role] ([id], [name]) VALUES (1, N'ADMIN')
INSERT [dbo].[Role] ([id], [name]) VALUES (3, N'ASSISTANT')
INSERT [dbo].[Role] ([id], [name]) VALUES (5, N'EDITORIAL_BOARD')
INSERT [dbo].[Role] ([id], [name]) VALUES (2, N'MANGAKA')
INSERT [dbo].[Role] ([id], [name]) VALUES (4, N'TANTOU_EDITOR')
GO
INSERT [dbo].[UserRole] ([userId], [roleId]) VALUES (0, 1)
INSERT [dbo].[UserRole] ([userId], [roleId]) VALUES (1, 2)
INSERT [dbo].[UserRole] ([userId], [roleId]) VALUES (2, 3)
INSERT [dbo].[UserRole] ([userId], [roleId]) VALUES (3, 3)
INSERT [dbo].[UserRole] ([userId], [roleId]) VALUES (4, 3)
INSERT [dbo].[UserRole] ([userId], [roleId]) VALUES (5, 3)
INSERT [dbo].[UserRole] ([userId], [roleId]) VALUES (6, 4)
INSERT [dbo].[UserRole] ([userId], [roleId]) VALUES (7, 5)
INSERT [dbo].[UserRole] ([userId], [roleId]) VALUES (8, 5)
INSERT [dbo].[UserRole] ([userId], [roleId]) VALUES (9, 5)
INSERT [dbo].[UserRole] ([userId], [roleId]) VALUES (10, 5)
INSERT [dbo].[UserRole] ([userId], [roleId]) VALUES (11, 5)
INSERT [dbo].[UserRole] ([userId], [roleId]) VALUES (12, 2)
INSERT [dbo].[UserRole] ([userId], [roleId]) VALUES (13, 2)
INSERT [dbo].[UserRole] ([userId], [roleId]) VALUES (14, 2)
INSERT [dbo].[UserRole] ([userId], [roleId]) VALUES (15, 2)
INSERT [dbo].[UserRole] ([userId], [roleId]) VALUES (16, 3)
INSERT [dbo].[UserRole] ([userId], [roleId]) VALUES (17, 3)
INSERT [dbo].[UserRole] ([userId], [roleId]) VALUES (18, 3)
INSERT [dbo].[UserRole] ([userId], [roleId]) VALUES (19, 3)
INSERT [dbo].[UserRole] ([userId], [roleId]) VALUES (20, 3)
INSERT [dbo].[UserRole] ([userId], [roleId]) VALUES (21, 3)
INSERT [dbo].[UserRole] ([userId], [roleId]) VALUES (22, 4)
INSERT [dbo].[UserRole] ([userId], [roleId]) VALUES (23, 4)
GO
INSERT [dbo].[SeriesAssistant] ([seriesId], [assistantId], [enrolledAt]) VALUES (0, 2, CAST(N'2026-05-07T03:09:39.420' AS DateTime))
INSERT [dbo].[SeriesAssistant] ([seriesId], [assistantId], [enrolledAt]) VALUES (0, 3, CAST(N'2026-05-07T03:09:39.420' AS DateTime))
INSERT [dbo].[SeriesAssistant] ([seriesId], [assistantId], [enrolledAt]) VALUES (1, 4, CAST(N'2026-05-13T03:09:39.420' AS DateTime))
INSERT [dbo].[SeriesAssistant] ([seriesId], [assistantId], [enrolledAt]) VALUES (1, 5, CAST(N'2026-05-13T03:09:39.420' AS DateTime))
INSERT [dbo].[SeriesAssistant] ([seriesId], [assistantId], [enrolledAt]) VALUES (1, 16, CAST(N'2026-05-20T03:09:39.420' AS DateTime))
INSERT [dbo].[SeriesAssistant] ([seriesId], [assistantId], [enrolledAt]) VALUES (2, 2, CAST(N'2026-05-19T03:09:39.420' AS DateTime))
INSERT [dbo].[SeriesAssistant] ([seriesId], [assistantId], [enrolledAt]) VALUES (2, 5, CAST(N'2026-05-19T03:09:39.420' AS DateTime))
INSERT [dbo].[SeriesAssistant] ([seriesId], [assistantId], [enrolledAt]) VALUES (2, 16, CAST(N'2026-05-21T03:09:39.420' AS DateTime))
INSERT [dbo].[SeriesAssistant] ([seriesId], [assistantId], [enrolledAt]) VALUES (3, 2, CAST(N'2026-05-24T03:09:39.420' AS DateTime))
INSERT [dbo].[SeriesAssistant] ([seriesId], [assistantId], [enrolledAt]) VALUES (3, 16, CAST(N'2026-05-24T03:09:39.420' AS DateTime))
GO
SET IDENTITY_INSERT [dbo].[SalaryPeriod] ON 

INSERT [dbo].[SalaryPeriod] ([id], [mangakaId], [name], [status], [settledAt], [createdAt]) VALUES (0, 1, N'Auto - June 2026', N'SETTLED', CAST(N'2026-07-05T00:00:00.000' AS DateTime), CAST(N'2026-06-05T00:00:00.000' AS DateTime))
INSERT [dbo].[SalaryPeriod] ([id], [mangakaId], [name], [status], [settledAt], [createdAt]) VALUES (1, 1, N'Auto - July 2026', N'OPEN', NULL, CAST(N'2026-07-05T00:00:00.000' AS DateTime))
INSERT [dbo].[SalaryPeriod] ([id], [mangakaId], [name], [status], [settledAt], [createdAt]) VALUES (2, 1, N'Auto - May 2026', N'SETTLED', CAST(N'2026-06-05T00:00:00.000' AS DateTime), CAST(N'2026-05-05T00:00:00.000' AS DateTime))
SET IDENTITY_INSERT [dbo].[SalaryPeriod] OFF
GO
SET IDENTITY_INSERT [dbo].[AssistantSalaryRecord] ON 

INSERT [dbo].[AssistantSalaryRecord] ([id], [periodId], [assistantId], [totalTasksApproved], [totalPagesCompleted], [onTimeRate], [kpiScore], [grossSalary], [bonus], [deduction], [netSalary], [calculatedAt]) VALUES (0, 2, 2, 1, 3, CAST(100.00 AS Decimal(5, 2)), CAST(100.00 AS Decimal(5, 2)), CAST(130000.00 AS Decimal(15, 2)), CAST(6500.00 AS Decimal(15, 2)), CAST(0.00 AS Decimal(15, 2)), CAST(136500.00 AS Decimal(15, 2)), CAST(N'2026-06-05T00:00:00.000' AS DateTime))
INSERT [dbo].[AssistantSalaryRecord] ([id], [periodId], [assistantId], [totalTasksApproved], [totalPagesCompleted], [onTimeRate], [kpiScore], [grossSalary], [bonus], [deduction], [netSalary], [calculatedAt]) VALUES (1, 2, 3, 1, 3, CAST(66.00 AS Decimal(5, 2)), CAST(85.00 AS Decimal(5, 2)), CAST(110000.00 AS Decimal(15, 2)), CAST(0.00 AS Decimal(15, 2)), CAST(0.00 AS Decimal(15, 2)), CAST(110000.00 AS Decimal(15, 2)), CAST(N'2026-06-05T00:00:00.000' AS DateTime))
INSERT [dbo].[AssistantSalaryRecord] ([id], [periodId], [assistantId], [totalTasksApproved], [totalPagesCompleted], [onTimeRate], [kpiScore], [grossSalary], [bonus], [deduction], [netSalary], [calculatedAt]) VALUES (2, 0, 2, 1, 3, CAST(100.00 AS Decimal(5, 2)), CAST(96.00 AS Decimal(5, 2)), CAST(85000.00 AS Decimal(15, 2)), CAST(4250.00 AS Decimal(15, 2)), CAST(0.00 AS Decimal(15, 2)), CAST(89250.00 AS Decimal(15, 2)), CAST(N'2026-07-05T00:00:00.000' AS DateTime))
INSERT [dbo].[AssistantSalaryRecord] ([id], [periodId], [assistantId], [totalTasksApproved], [totalPagesCompleted], [onTimeRate], [kpiScore], [grossSalary], [bonus], [deduction], [netSalary], [calculatedAt]) VALUES (3, 0, 3, 1, 3, CAST(66.00 AS Decimal(5, 2)), CAST(88.00 AS Decimal(5, 2)), CAST(100000.00 AS Decimal(15, 2)), CAST(0.00 AS Decimal(15, 2)), CAST(0.00 AS Decimal(15, 2)), CAST(100000.00 AS Decimal(15, 2)), CAST(N'2026-07-05T00:00:00.000' AS DateTime))
SET IDENTITY_INSERT [dbo].[AssistantSalaryRecord] OFF
GO
SET IDENTITY_INSERT [dbo].[AuditLog] ON 

INSERT [dbo].[AuditLog] ([id], [actorId], [action], [entityType], [entityId], [detail], [performedAt]) VALUES (0, 1, N'PROPOSAL_SUBMITTED', N'PROPOSAL', 0, N'{"status":"SUBMITTED"}', CAST(N'2026-05-09T03:09:39.747' AS DateTime))
INSERT [dbo].[AuditLog] ([id], [actorId], [action], [entityType], [entityId], [detail], [performedAt]) VALUES (1, 6, N'PROPOSAL_APPROVED', N'PROPOSAL', 0, N'{"status":"APPROVED"}', CAST(N'2026-05-07T03:09:39.747' AS DateTime))
INSERT [dbo].[AuditLog] ([id], [actorId], [action], [entityType], [entityId], [detail], [performedAt]) VALUES (3, 1, N'MANUSCRIPT_SUBMITTED', N'MANUSCRIPT', 0, N'{"version":1,"chapter":"The Broken Blade"}', CAST(N'2026-05-26T19:09:39.747' AS DateTime))
INSERT [dbo].[AuditLog] ([id], [actorId], [action], [entityType], [entityId], [detail], [performedAt]) VALUES (4, 6, N'MANUSCRIPT_REVIEW_STARTED', N'MANUSCRIPT', 0, N'{"status":"UNDER_REVIEW"}', CAST(N'2026-05-26T20:09:39.747' AS DateTime))
INSERT [dbo].[AuditLog] ([id], [actorId], [action], [entityType], [entityId], [detail], [performedAt]) VALUES (5, 12, N'PROPOSAL_CREATED', N'PROPOSAL', 2, N'{"status":"DRAFT"}', CAST(N'2026-05-05T03:09:39.747' AS DateTime))
INSERT [dbo].[AuditLog] ([id], [actorId], [action], [entityType], [entityId], [detail], [performedAt]) VALUES (6, 13, N'PROPOSAL_CREATED', N'PROPOSAL', 6, N'{"status":"DRAFT"}', CAST(N'2026-05-19T03:09:39.747' AS DateTime))
INSERT [dbo].[AuditLog] ([id], [actorId], [action], [entityType], [entityId], [detail], [performedAt]) VALUES (7, 13, N'PROPOSAL_SUBMITTED', N'PROPOSAL', 6, N'{"status":"UNDER_REVIEW"}', CAST(N'2026-05-20T03:09:39.747' AS DateTime))
INSERT [dbo].[AuditLog] ([id], [actorId], [action], [entityType], [entityId], [detail], [performedAt]) VALUES (8, 14, N'PROPOSAL_CREATED', N'PROPOSAL', 7, N'{"status":"DRAFT"}', CAST(N'2026-05-22T03:09:39.747' AS DateTime))
INSERT [dbo].[AuditLog] ([id], [actorId], [action], [entityType], [entityId], [detail], [performedAt]) VALUES (9, 14, N'PROPOSAL_SUBMITTED', N'PROPOSAL', 7, N'{"status":"UNDER_REVIEW"}', CAST(N'2026-05-23T03:09:39.747' AS DateTime))
INSERT [dbo].[AuditLog] ([id], [actorId], [action], [entityType], [entityId], [detail], [performedAt]) VALUES (10, 22, N'PROPOSAL_ASSIGNED', N'PROPOSAL', 7, N'{"assignedEditorId":22}', CAST(N'2026-05-23T03:09:39.747' AS DateTime))
INSERT [dbo].[AuditLog] ([id], [actorId], [action], [entityType], [entityId], [detail], [performedAt]) VALUES (11, 15, N'PROPOSAL_CREATED', N'PROPOSAL', 8, N'{"status":"DRAFT"}', CAST(N'2026-05-12T03:09:39.747' AS DateTime))
INSERT [dbo].[AuditLog] ([id], [actorId], [action], [entityType], [entityId], [detail], [performedAt]) VALUES (12, 15, N'PROPOSAL_SUBMITTED', N'PROPOSAL', 8, N'{"status":"UNDER_REVIEW"}', CAST(N'2026-05-15T03:09:39.747' AS DateTime))
INSERT [dbo].[AuditLog] ([id], [actorId], [action], [entityType], [entityId], [detail], [performedAt]) VALUES (13, 23, N'PROPOSAL_REVISION_REQUESTED', N'PROPOSAL', 8, N'{"reason":"Needs more worldbuilding"}', CAST(N'2026-05-25T03:09:39.747' AS DateTime))
INSERT [dbo].[AuditLog] ([id], [actorId], [action], [entityType], [entityId], [detail], [performedAt]) VALUES (14, 13, N'PROPOSAL_CREATED', N'PROPOSAL', 9, N'{"status":"DRAFT"}', CAST(N'2026-05-02T03:09:39.747' AS DateTime))
INSERT [dbo].[AuditLog] ([id], [actorId], [action], [entityType], [entityId], [detail], [performedAt]) VALUES (15, 13, N'PROPOSAL_SUBMITTED', N'PROPOSAL', 9, N'{"status":"UNDER_REVIEW"}', CAST(N'2026-05-07T03:09:39.747' AS DateTime))
INSERT [dbo].[AuditLog] ([id], [actorId], [action], [entityType], [entityId], [detail], [performedAt]) VALUES (16, 6, N'PROPOSAL_REJECTED', N'PROPOSAL', 9, N'{"reason":"Concept too similar to existing"}', CAST(N'2026-05-12T03:09:39.747' AS DateTime))
INSERT [dbo].[AuditLog] ([id], [actorId], [action], [entityType], [entityId], [detail], [performedAt]) VALUES (17, 12, N'PROPOSAL_APPROVED', N'PROPOSAL', 10, N'{"status":"APPROVED"}', CAST(N'2026-04-29T03:09:39.747' AS DateTime))
INSERT [dbo].[AuditLog] ([id], [actorId], [action], [entityType], [entityId], [detail], [performedAt]) VALUES (19, 12, N'MANUSCRIPT_SUBMITTED', N'MANUSCRIPT', 0, N'{"chapter":"The Broken Blade","version":1}', CAST(N'2026-05-27T00:09:39.747' AS DateTime))
INSERT [dbo].[AuditLog] ([id], [actorId], [action], [entityType], [entityId], [detail], [performedAt]) VALUES (20, 6, N'MANUSCRIPT_FEEDBACK_ADDED', N'MANUSCRIPT', 4, N'{"chapter":"First Bell in Neon Rain","revision":"required"}', CAST(N'2026-05-26T03:09:39.747' AS DateTime))
INSERT [dbo].[AuditLog] ([id], [actorId], [action], [entityType], [entityId], [detail], [performedAt]) VALUES (22, 7, N'DECISION_VOTE_CAST', N'DECISION', -1, N'{"series":"Neon Lotus High","decision":"CONTINUE"}', CAST(N'2026-05-26T21:09:39.747' AS DateTime))
INSERT [dbo].[AuditLog] ([id], [actorId], [action], [entityType], [entityId], [detail], [performedAt]) VALUES (23, 8, N'DECISION_VOTE_CAST', N'DECISION', -1, N'{"series":"Neon Lotus High","decision":"CHANGE_TYPE"}', CAST(N'2026-05-26T22:09:39.747' AS DateTime))
INSERT [dbo].[AuditLog] ([id], [actorId], [action], [entityType], [entityId], [detail], [performedAt]) VALUES (24, 1, N'MANUSCRIPT_SUBMITTED', N'MANUSCRIPT', 7, N'{"chapterId":"0"}', CAST(N'2026-05-29T04:41:41.933' AS DateTime))
INSERT [dbo].[AuditLog] ([id], [actorId], [action], [entityType], [entityId], [detail], [performedAt]) VALUES (25, 6, N'MANUSCRIPT_REVIEW_STARTED', N'MANUSCRIPT', 7, N'{"chapterId":"0"}', CAST(N'2026-05-29T04:42:46.023' AS DateTime))
INSERT [dbo].[AuditLog] ([id], [actorId], [action], [entityType], [entityId], [detail], [performedAt]) VALUES (26, 0, N'DECISION_SESSION_OPENED', N'DECISION', 1, N'Decision session 1 opened for series 3', CAST(N'2026-07-17T13:33:38.440' AS DateTime))
INSERT [dbo].[AuditLog] ([id], [actorId], [action], [entityType], [entityId], [detail], [performedAt]) VALUES (27, 0, N'RANKING_CALCULATED', N'RANKING_PERIOD', 1, N'Ranking period 1 calculation completed', CAST(N'2026-07-17T13:33:38.537' AS DateTime))
INSERT [dbo].[AuditLog] ([id], [actorId], [action], [entityType], [entityId], [detail], [performedAt]) VALUES (28, 0, N'RANKING_RESULT_ARCHIVED', N'RANKING_PERIOD', 1, N'Ranking period 1 result archived', CAST(N'2026-07-17T13:33:38.573' AS DateTime))
INSERT [dbo].[AuditLog] ([id], [actorId], [action], [entityType], [entityId], [detail], [performedAt]) VALUES (29, 7, N'DECISION_VOTE_SUBMITTED', N'DECISION', 1, N'Voter 7 submitted decision: CONTINUE', CAST(N'2026-07-17T13:34:09.230' AS DateTime))
INSERT [dbo].[AuditLog] ([id], [actorId], [action], [entityType], [entityId], [detail], [performedAt]) VALUES (30, 8, N'DECISION_VOTE_SUBMITTED', N'DECISION', 1, N'Voter 8 submitted decision: CONTINUE', CAST(N'2026-07-17T13:34:29.753' AS DateTime))
INSERT [dbo].[AuditLog] ([id], [actorId], [action], [entityType], [entityId], [detail], [performedAt]) VALUES (31, 9, N'DECISION_VOTE_SUBMITTED', N'DECISION', 1, N'Voter 9 submitted decision: CONTINUE', CAST(N'2026-07-17T13:34:42.087' AS DateTime))
INSERT [dbo].[AuditLog] ([id], [actorId], [action], [entityType], [entityId], [detail], [performedAt]) VALUES (32, 9, N'DECISION_SESSION_RESOLVED', N'DECISION', 1, N'Decision session 1 resolved with result: CONTINUE', CAST(N'2026-07-17T13:34:42.133' AS DateTime))
INSERT [dbo].[AuditLog] ([id], [actorId], [action], [entityType], [entityId], [detail], [performedAt]) VALUES (33, 0, N'DECISION_SESSION_OPENED', N'DECISION', 2, N'Decision session 2 opened for series 3', CAST(N'2026-07-17T13:34:56.723' AS DateTime))
INSERT [dbo].[AuditLog] ([id], [actorId], [action], [entityType], [entityId], [detail], [performedAt]) VALUES (34, 0, N'RANKING_CALCULATED', N'RANKING_PERIOD', 2, N'Ranking period 2 calculation completed', CAST(N'2026-07-17T13:34:56.803' AS DateTime))
INSERT [dbo].[AuditLog] ([id], [actorId], [action], [entityType], [entityId], [detail], [performedAt]) VALUES (35, 0, N'RANKING_RESULT_ARCHIVED', N'RANKING_PERIOD', 2, N'Ranking period 2 result archived', CAST(N'2026-07-17T13:34:56.840' AS DateTime))
INSERT [dbo].[AuditLog] ([id], [actorId], [action], [entityType], [entityId], [detail], [performedAt]) VALUES (36, 7, N'DECISION_VOTE_SUBMITTED', N'DECISION', 2, N'Voter 7 submitted decision: CONTINUE', CAST(N'2026-07-17T13:36:06.620' AS DateTime))
INSERT [dbo].[AuditLog] ([id], [actorId], [action], [entityType], [entityId], [detail], [performedAt]) VALUES (37, 8, N'DECISION_VOTE_SUBMITTED', N'DECISION', 2, N'Voter 8 submitted decision: CONTINUE', CAST(N'2026-07-17T13:36:46.827' AS DateTime))
INSERT [dbo].[AuditLog] ([id], [actorId], [action], [entityType], [entityId], [detail], [performedAt]) VALUES (38, 9, N'DECISION_VOTE_SUBMITTED', N'DECISION', 2, N'Voter 9 submitted decision: CANCEL', CAST(N'2026-07-17T13:38:54.137' AS DateTime))
INSERT [dbo].[AuditLog] ([id], [actorId], [action], [entityType], [entityId], [detail], [performedAt]) VALUES (39, 9, N'DECISION_SESSION_RESOLVED', N'DECISION', 2, N'Decision session 2 resolved with result: CONTINUE', CAST(N'2026-07-17T13:38:54.180' AS DateTime))
INSERT [dbo].[AuditLog] ([id], [actorId], [action], [entityType], [entityId], [detail], [performedAt]) VALUES (40, 0, N'DECISION_SESSION_OPENED', N'DECISION', 3, N'Decision session 3 opened for series 3', CAST(N'2026-07-17T13:39:25.983' AS DateTime))
INSERT [dbo].[AuditLog] ([id], [actorId], [action], [entityType], [entityId], [detail], [performedAt]) VALUES (41, 0, N'RANKING_CALCULATED', N'RANKING_PERIOD', 3, N'Ranking period 3 calculation completed', CAST(N'2026-07-17T13:39:26.077' AS DateTime))
INSERT [dbo].[AuditLog] ([id], [actorId], [action], [entityType], [entityId], [detail], [performedAt]) VALUES (42, 0, N'RANKING_RESULT_ARCHIVED', N'RANKING_PERIOD', 3, N'Ranking period 3 result archived', CAST(N'2026-07-17T13:39:26.113' AS DateTime))
INSERT [dbo].[AuditLog] ([id], [actorId], [action], [entityType], [entityId], [detail], [performedAt]) VALUES (43, 7, N'DECISION_VOTE_SUBMITTED', N'DECISION', 3, N'Voter 7 submitted decision: CONTINUE', CAST(N'2026-07-17T13:40:19.003' AS DateTime))
INSERT [dbo].[AuditLog] ([id], [actorId], [action], [entityType], [entityId], [detail], [performedAt]) VALUES (44, 8, N'DECISION_VOTE_SUBMITTED', N'DECISION', 3, N'Voter 8 submitted decision: CONTINUE', CAST(N'2026-07-17T13:42:33.870' AS DateTime))
INSERT [dbo].[AuditLog] ([id], [actorId], [action], [entityType], [entityId], [detail], [performedAt]) VALUES (45, 10, N'DECISION_VOTE_SUBMITTED', N'DECISION', 3, N'Voter 10 submitted decision: CHANGE_TYPE', CAST(N'2026-07-17T13:44:01.987' AS DateTime))
INSERT [dbo].[AuditLog] ([id], [actorId], [action], [entityType], [entityId], [detail], [performedAt]) VALUES (46, 10, N'DECISION_SESSION_RESOLVED', N'DECISION', 3, N'Decision session 3 resolved with result: CONTINUE', CAST(N'2026-07-17T13:44:02.030' AS DateTime))
SET IDENTITY_INSERT [dbo].[AuditLog] OFF
GO
INSERT [dbo].[MangakaAssistant] ([mangakaId], [assistantId], [enrolledAt]) VALUES (1, 2, CAST(N'2026-05-27T03:09:39.257' AS DateTime))
INSERT [dbo].[MangakaAssistant] ([mangakaId], [assistantId], [enrolledAt]) VALUES (1, 3, CAST(N'2026-05-27T03:09:39.257' AS DateTime))
INSERT [dbo].[MangakaAssistant] ([mangakaId], [assistantId], [enrolledAt]) VALUES (1, 4, CAST(N'2026-05-27T03:09:39.257' AS DateTime))
INSERT [dbo].[MangakaAssistant] ([mangakaId], [assistantId], [enrolledAt]) VALUES (1, 5, CAST(N'2026-05-27T03:09:39.257' AS DateTime))
INSERT [dbo].[MangakaAssistant] ([mangakaId], [assistantId], [enrolledAt]) VALUES (12, 16, CAST(N'2026-05-27T03:09:39.257' AS DateTime))
INSERT [dbo].[MangakaAssistant] ([mangakaId], [assistantId], [enrolledAt]) VALUES (12, 17, CAST(N'2026-05-27T03:09:39.257' AS DateTime))
INSERT [dbo].[MangakaAssistant] ([mangakaId], [assistantId], [enrolledAt]) VALUES (12, 18, CAST(N'2026-05-27T03:09:39.257' AS DateTime))
INSERT [dbo].[MangakaAssistant] ([mangakaId], [assistantId], [enrolledAt]) VALUES (12, 19, CAST(N'2026-05-27T03:09:39.257' AS DateTime))
INSERT [dbo].[MangakaAssistant] ([mangakaId], [assistantId], [enrolledAt]) VALUES (13, 2, CAST(N'2026-05-27T03:09:39.257' AS DateTime))
INSERT [dbo].[MangakaAssistant] ([mangakaId], [assistantId], [enrolledAt]) VALUES (13, 3, CAST(N'2026-05-27T03:09:39.257' AS DateTime))
INSERT [dbo].[MangakaAssistant] ([mangakaId], [assistantId], [enrolledAt]) VALUES (13, 20, CAST(N'2026-05-27T03:09:39.257' AS DateTime))
INSERT [dbo].[MangakaAssistant] ([mangakaId], [assistantId], [enrolledAt]) VALUES (13, 21, CAST(N'2026-05-27T03:09:39.257' AS DateTime))
INSERT [dbo].[MangakaAssistant] ([mangakaId], [assistantId], [enrolledAt]) VALUES (14, 4, CAST(N'2026-05-27T03:09:39.257' AS DateTime))
INSERT [dbo].[MangakaAssistant] ([mangakaId], [assistantId], [enrolledAt]) VALUES (14, 5, CAST(N'2026-05-27T03:09:39.257' AS DateTime))
INSERT [dbo].[MangakaAssistant] ([mangakaId], [assistantId], [enrolledAt]) VALUES (14, 16, CAST(N'2026-05-27T03:09:39.257' AS DateTime))
INSERT [dbo].[MangakaAssistant] ([mangakaId], [assistantId], [enrolledAt]) VALUES (14, 17, CAST(N'2026-05-27T03:09:39.257' AS DateTime))
INSERT [dbo].[MangakaAssistant] ([mangakaId], [assistantId], [enrolledAt]) VALUES (15, 18, CAST(N'2026-05-27T03:09:39.257' AS DateTime))
INSERT [dbo].[MangakaAssistant] ([mangakaId], [assistantId], [enrolledAt]) VALUES (15, 19, CAST(N'2026-05-27T03:09:39.257' AS DateTime))
INSERT [dbo].[MangakaAssistant] ([mangakaId], [assistantId], [enrolledAt]) VALUES (15, 20, CAST(N'2026-05-27T03:09:39.257' AS DateTime))
INSERT [dbo].[MangakaAssistant] ([mangakaId], [assistantId], [enrolledAt]) VALUES (15, 21, CAST(N'2026-05-27T03:09:39.257' AS DateTime))
GO
SET IDENTITY_INSERT [dbo].[Notification] ON 

INSERT [dbo].[Notification] ([id], [userId], [type], [title], [message], [referenceId], [referenceType], [viewUrl], [isRead], [createdAt]) VALUES (0, 1, N'PROPOSAL_RESOLVED', NULL, N'Your proposal "Shadows of Edo" was APPROVED!', 0, N'PROPOSAL', NULL, 0, CAST(N'2026-05-27T03:09:39.710' AS DateTime))
INSERT [dbo].[Notification] ([id], [userId], [type], [title], [message], [referenceId], [referenceType], [viewUrl], [isRead], [createdAt]) VALUES (1, 6, N'MANUSCRIPT_SUBMITTED', NULL, N'New manuscript submitted for Chapter 1 of Shadows of Edo.', 0, N'MANUSCRIPT', NULL, 0, CAST(N'2026-05-27T03:09:39.710' AS DateTime))
INSERT [dbo].[Notification] ([id], [userId], [type], [title], [message], [referenceId], [referenceType], [viewUrl], [isRead], [createdAt]) VALUES (2, 6, N'PROPOSAL_ASSIGNED', NULL, N'Proposal "Cyber Ronin" is ready for Tantou review.', 1, N'PROPOSAL', NULL, 0, CAST(N'2026-05-27T03:09:39.710' AS DateTime))
INSERT [dbo].[Notification] ([id], [userId], [type], [title], [message], [referenceId], [referenceType], [viewUrl], [isRead], [createdAt]) VALUES (3, 2, N'TASK_DUE_REMINDER', NULL, N'Your sketching task for Chapter 1 is due in 30 days.', 3, N'TASK', NULL, 0, CAST(N'2026-05-27T03:09:39.710' AS DateTime))
INSERT [dbo].[Notification] ([id], [userId], [type], [title], [message], [referenceId], [referenceType], [viewUrl], [isRead], [createdAt]) VALUES (4, 12, N'SERIES_CREATED', NULL, N'Series "Celestial Kitchen" is now active.', 2, N'PROPOSAL', NULL, 0, CAST(N'2026-05-27T03:09:39.710' AS DateTime))
INSERT [dbo].[Notification] ([id], [userId], [type], [title], [message], [referenceId], [referenceType], [viewUrl], [isRead], [createdAt]) VALUES (5, 4, N'TASK_ASSIGNED', NULL, N'Background task assigned for Celestial Kitchen Chapter 1.', 3, N'TASK', NULL, 0, CAST(N'2026-05-27T03:09:39.710' AS DateTime))
INSERT [dbo].[Notification] ([id], [userId], [type], [title], [message], [referenceId], [referenceType], [viewUrl], [isRead], [createdAt]) VALUES (6, 5, N'TASK_ASSIGNED', NULL, N'Inking task assigned for Neon Lotus High Chapter 2.', 9, N'TASK', NULL, 0, CAST(N'2026-05-27T03:09:39.710' AS DateTime))
INSERT [dbo].[Notification] ([id], [userId], [type], [title], [message], [referenceId], [referenceType], [viewUrl], [isRead], [createdAt]) VALUES (7, 13, N'MANUSCRIPT_REJECTED', NULL, N'Neon Lotus High Chapter 1 needs revision before approval.', 4, N'MANUSCRIPT', NULL, 0, CAST(N'2026-05-27T03:09:39.710' AS DateTime))
INSERT [dbo].[Notification] ([id], [userId], [type], [title], [message], [referenceId], [referenceType], [viewUrl], [isRead], [createdAt]) VALUES (8, 22, N'MANUSCRIPT_SUBMITTED', NULL, N'Celestial Kitchen Chapter 2 has been submitted.', 3, N'MANUSCRIPT', NULL, 0, CAST(N'2026-05-27T03:09:39.710' AS DateTime))
INSERT [dbo].[Notification] ([id], [userId], [type], [title], [message], [referenceId], [referenceType], [viewUrl], [isRead], [createdAt]) VALUES (9, 12, N'MANUSCRIPT_REVIEW_UPDATE', NULL, N'Revised manuscript for Celestial Kitchen Ch1 is now under review.', 2, N'MANUSCRIPT', NULL, 0, CAST(N'2026-05-27T03:09:39.710' AS DateTime))
INSERT [dbo].[Notification] ([id], [userId], [type], [title], [message], [referenceId], [referenceType], [viewUrl], [isRead], [createdAt]) VALUES (10, 22, N'MANUSCRIPT_SUBMITTED', NULL, N'Celestial Kitchen Ch1 revision v2 submitted for review.', 2, N'MANUSCRIPT', NULL, 0, CAST(N'2026-05-27T03:09:39.710' AS DateTime))
INSERT [dbo].[Notification] ([id], [userId], [type], [title], [message], [referenceId], [referenceType], [viewUrl], [isRead], [createdAt]) VALUES (11, 13, N'PROPOSAL_SUBMITTED_CONFIRMATION', NULL, N'Your proposal "Moonlight Sanctuary" has been received.', 6, N'PROPOSAL', NULL, 0, CAST(N'2026-05-27T03:09:39.710' AS DateTime))
INSERT [dbo].[Notification] ([id], [userId], [type], [title], [message], [referenceId], [referenceType], [viewUrl], [isRead], [createdAt]) VALUES (12, 14, N'PROPOSAL_ASSIGNED', NULL, N'Your proposal "Mystery at Midnight" has been assigned to a Tantou Editor.', 7, N'PROPOSAL', NULL, 0, CAST(N'2026-05-27T03:09:39.710' AS DateTime))
INSERT [dbo].[Notification] ([id], [userId], [type], [title], [message], [referenceId], [referenceType], [viewUrl], [isRead], [createdAt]) VALUES (13, 15, N'REVISION_REQUESTED', NULL, N'Your proposal "Heartstring Cafe" requires revision.', 8, N'PROPOSAL', NULL, 0, CAST(N'2026-05-27T03:09:39.710' AS DateTime))
INSERT [dbo].[Notification] ([id], [userId], [type], [title], [message], [referenceId], [referenceType], [viewUrl], [isRead], [createdAt]) VALUES (14, 7, N'DECISION_SESSION_OPENED', N'Decision session opened', N'A new decision session is open for series #3.', 0, N'DECISION', N'/main/decisions/0', 0, CAST(N'2026-05-27T03:11:01.677' AS DateTime))
INSERT [dbo].[Notification] ([id], [userId], [type], [title], [message], [referenceId], [referenceType], [viewUrl], [isRead], [createdAt]) VALUES (15, 8, N'DECISION_SESSION_OPENED', N'Decision session opened', N'A new decision session is open for series #3.', 0, N'DECISION', N'/main/decisions/0', 0, CAST(N'2026-05-27T03:11:01.677' AS DateTime))
INSERT [dbo].[Notification] ([id], [userId], [type], [title], [message], [referenceId], [referenceType], [viewUrl], [isRead], [createdAt]) VALUES (16, 9, N'DECISION_SESSION_OPENED', N'Decision session opened', N'A new decision session is open for series #3.', 0, N'DECISION', N'/main/decisions/0', 0, CAST(N'2026-05-27T03:11:01.677' AS DateTime))
INSERT [dbo].[Notification] ([id], [userId], [type], [title], [message], [referenceId], [referenceType], [viewUrl], [isRead], [createdAt]) VALUES (17, 10, N'DECISION_SESSION_OPENED', N'Decision session opened', N'A new decision session is open for series #3.', 0, N'DECISION', N'/main/decisions/0', 0, CAST(N'2026-05-27T03:11:01.677' AS DateTime))
INSERT [dbo].[Notification] ([id], [userId], [type], [title], [message], [referenceId], [referenceType], [viewUrl], [isRead], [createdAt]) VALUES (18, 11, N'DECISION_SESSION_OPENED', N'Decision session opened', N'A new decision session is open for series #3.', 0, N'DECISION', N'/main/decisions/0', 0, CAST(N'2026-05-27T03:11:01.677' AS DateTime))
INSERT [dbo].[Notification] ([id], [userId], [type], [title], [message], [referenceId], [referenceType], [viewUrl], [isRead], [createdAt]) VALUES (19, 7, N'DECISION_RESOLVED', N'Decision finalized', N'A decision session has been finalized with result: CONTINUE.', 0, N'DECISION', N'/main/decisions/0', 0, CAST(N'2026-05-27T03:12:10.627' AS DateTime))
INSERT [dbo].[Notification] ([id], [userId], [type], [title], [message], [referenceId], [referenceType], [viewUrl], [isRead], [createdAt]) VALUES (20, 8, N'DECISION_RESOLVED', N'Decision finalized', N'A decision session has been finalized with result: CONTINUE.', 0, N'DECISION', N'/main/decisions/0', 0, CAST(N'2026-05-27T03:12:10.627' AS DateTime))
INSERT [dbo].[Notification] ([id], [userId], [type], [title], [message], [referenceId], [referenceType], [viewUrl], [isRead], [createdAt]) VALUES (21, 9, N'DECISION_RESOLVED', N'Decision finalized', N'A decision session has been finalized with result: CONTINUE.', 0, N'DECISION', N'/main/decisions/0', 0, CAST(N'2026-05-27T03:12:10.627' AS DateTime))
INSERT [dbo].[Notification] ([id], [userId], [type], [title], [message], [referenceId], [referenceType], [viewUrl], [isRead], [createdAt]) VALUES (22, 10, N'DECISION_RESOLVED', N'Decision finalized', N'A decision session has been finalized with result: CONTINUE.', 0, N'DECISION', N'/main/decisions/0', 0, CAST(N'2026-05-27T03:12:10.627' AS DateTime))
INSERT [dbo].[Notification] ([id], [userId], [type], [title], [message], [referenceId], [referenceType], [viewUrl], [isRead], [createdAt]) VALUES (23, 11, N'DECISION_RESOLVED', N'Decision finalized', N'A decision session has been finalized with result: CONTINUE.', 0, N'DECISION', N'/main/decisions/0', 0, CAST(N'2026-05-27T03:12:10.627' AS DateTime))
INSERT [dbo].[Notification] ([id], [userId], [type], [title], [message], [referenceId], [referenceType], [viewUrl], [isRead], [createdAt]) VALUES (24, 13, N'TASK_OVERDUE', N'Task overdue', N'Task #11 is overdue. Please update immediately.', 11, N'TASK', N'/main/tasks/11', 0, CAST(N'2026-05-27T04:00:00.570' AS DateTime))
INSERT [dbo].[Notification] ([id], [userId], [type], [title], [message], [referenceId], [referenceType], [viewUrl], [isRead], [createdAt]) VALUES (25, 23, N'PROPOSAL_TANTOU_REVIEW_OVERDUE', N'Proposal review overdue', N'Proposal "Moonlight Sanctuary" has been waiting for Tantou review for more than 48 hours.', 6, N'PROPOSAL', N'/main/proposals/6', 0, CAST(N'2026-05-27T04:05:00.147' AS DateTime))
INSERT [dbo].[Notification] ([id], [userId], [type], [title], [message], [referenceId], [referenceType], [viewUrl], [isRead], [createdAt]) VALUES (26, 22, N'PROPOSAL_TANTOU_REVIEW_OVERDUE', N'Proposal review overdue', N'Proposal "Mystery at Midnight" has been waiting for Tantou review for more than 48 hours.', 7, N'PROPOSAL', N'/main/proposals/7', 0, CAST(N'2026-05-27T04:05:00.147' AS DateTime))
INSERT [dbo].[Notification] ([id], [userId], [type], [title], [message], [referenceId], [referenceType], [viewUrl], [isRead], [createdAt]) VALUES (27, 4, N'TASK_ASSIGNED', N'New page task assigned', N'You have been assigned task #15.', 15, N'TASK', N'/main/tasks/15', 0, CAST(N'2026-05-29T02:29:23.743' AS DateTime))
INSERT [dbo].[Notification] ([id], [userId], [type], [title], [message], [referenceId], [referenceType], [viewUrl], [isRead], [createdAt]) VALUES (28, 2, N'TASK_REASSIGNED', N'Notification', N'Task #2 was reassigned. Reason: ád af à qf', 2, N'TASK', N'/main/tasks/2', 0, CAST(N'2026-05-29T02:29:23.807' AS DateTime))
INSERT [dbo].[Notification] ([id], [userId], [type], [title], [message], [referenceId], [referenceType], [viewUrl], [isRead], [createdAt]) VALUES (29, 4, N'TASK_ASSIGNED', N'New page task assigned', N'You have been assigned task #16.', 16, N'TASK', N'/main/tasks/16', 0, CAST(N'2026-05-29T02:33:10.117' AS DateTime))
INSERT [dbo].[Notification] ([id], [userId], [type], [title], [message], [referenceId], [referenceType], [viewUrl], [isRead], [createdAt]) VALUES (30, 5, N'TASK_ASSIGNED', N'New page task assigned', N'You have been assigned task #17.', 17, N'TASK', N'/main/tasks/17', 0, CAST(N'2026-05-29T02:34:40.477' AS DateTime))
INSERT [dbo].[Notification] ([id], [userId], [type], [title], [message], [referenceId], [referenceType], [viewUrl], [isRead], [createdAt]) VALUES (31, 13, N'TASK_OVERDUE', N'Task overdue', N'Task #11 is overdue. Please update immediately.', 11, N'TASK', N'/main/tasks/11', 0, CAST(N'2026-05-29T02:34:55.010' AS DateTime))
INSERT [dbo].[Notification] ([id], [userId], [type], [title], [message], [referenceId], [referenceType], [viewUrl], [isRead], [createdAt]) VALUES (32, 2, N'TASK_ASSIGNED', N'New page task assigned', N'You have been assigned task #18.', 18, N'TASK', N'/main/tasks/18', 0, CAST(N'2026-05-29T02:35:36.240' AS DateTime))
INSERT [dbo].[Notification] ([id], [userId], [type], [title], [message], [referenceId], [referenceType], [viewUrl], [isRead], [createdAt]) VALUES (33, 5, N'TASK_REASSIGNED', N'Notification', N'Task #17 was reassigned. Reason: à ag ag ag', 17, N'TASK', N'/main/tasks/17', 0, CAST(N'2026-05-29T02:35:36.320' AS DateTime))
INSERT [dbo].[Notification] ([id], [userId], [type], [title], [message], [referenceId], [referenceType], [viewUrl], [isRead], [createdAt]) VALUES (34, 2, N'TASK_ASSIGNED', N'New page task assigned', N'You have been assigned task #19.', 19, N'TASK', N'/main/tasks/19', 0, CAST(N'2026-05-29T02:36:26.343' AS DateTime))
INSERT [dbo].[Notification] ([id], [userId], [type], [title], [message], [referenceId], [referenceType], [viewUrl], [isRead], [createdAt]) VALUES (35, 2, N'TASK_ASSIGNED', N'New page task assigned', N'You have been assigned task #20.', 20, N'TASK', N'/main/tasks/20', 0, CAST(N'2026-05-29T02:37:32.777' AS DateTime))
INSERT [dbo].[Notification] ([id], [userId], [type], [title], [message], [referenceId], [referenceType], [viewUrl], [isRead], [createdAt]) VALUES (36, 6, N'MANUSCRIPT_REVIEW_REMINDER', N'Manuscript update', N'Reminder: Manuscript #4 has been waiting for review for 36 hours.', 4, N'MANUSCRIPT', N'/main/manuscripts/4/review', 0, CAST(N'2026-05-29T03:00:00.183' AS DateTime))
INSERT [dbo].[Notification] ([id], [userId], [type], [title], [message], [referenceId], [referenceType], [viewUrl], [isRead], [createdAt]) VALUES (37, 6, N'MANUSCRIPT_REVIEW_OVERDUE', N'Manuscript update', N'OVERDUE: Manuscript #4 review was due on 2026-05-28 03:09:39.547. Please complete review immediately.', 4, N'MANUSCRIPT', N'/main/manuscripts/4', 0, CAST(N'2026-05-29T03:00:00.233' AS DateTime))
INSERT [dbo].[Notification] ([id], [userId], [type], [title], [message], [referenceId], [referenceType], [viewUrl], [isRead], [createdAt]) VALUES (38, 6, N'MANUSCRIPT_REVIEW_REMINDER', N'Manuscript update', N'Reminder: Manuscript #6 has been waiting for review for 36 hours.', 6, N'MANUSCRIPT', N'/main/manuscripts/6/review', 0, CAST(N'2026-05-29T03:00:00.307' AS DateTime))
INSERT [dbo].[Notification] ([id], [userId], [type], [title], [message], [referenceId], [referenceType], [viewUrl], [isRead], [createdAt]) VALUES (39, 6, N'MANUSCRIPT_REVIEW_OVERDUE', N'Manuscript update', N'OVERDUE: Manuscript #6 review was due on 2026-05-28 03:09:39.547. Please complete review immediately.', 6, N'MANUSCRIPT', N'/main/manuscripts/6', 0, CAST(N'2026-05-29T03:00:00.353' AS DateTime))
INSERT [dbo].[Notification] ([id], [userId], [type], [title], [message], [referenceId], [referenceType], [viewUrl], [isRead], [createdAt]) VALUES (40, 10, N'PROPOSAL_BOARD_VOTE_CLOSING_SOON', N'Board vote closing soon', N'Proposal "Cyber Ronin" board voting round #1 closes within 24 hours. Please cast your vote if you have not voted yet.', 1, N'PROPOSAL', N'/main/proposals/1/vote', 0, CAST(N'2026-05-29T03:00:00.470' AS DateTime))
INSERT [dbo].[Notification] ([id], [userId], [type], [title], [message], [referenceId], [referenceType], [viewUrl], [isRead], [createdAt]) VALUES (41, 11, N'PROPOSAL_BOARD_VOTE_CLOSING_SOON', N'Board vote closing soon', N'Proposal "Cyber Ronin" board voting round #1 closes within 24 hours. Please cast your vote if you have not voted yet.', 1, N'PROPOSAL', N'/main/proposals/1/vote', 0, CAST(N'2026-05-29T03:00:00.470' AS DateTime))
INSERT [dbo].[Notification] ([id], [userId], [type], [title], [message], [referenceId], [referenceType], [viewUrl], [isRead], [createdAt]) VALUES (42, 6, N'MANUSCRIPT_SUBMITTED', N'Manuscript update', N'New manuscript v1 submitted for chapter #0', 7, N'MANUSCRIPT', N'/main/manuscripts/7/versions/7/review', 0, CAST(N'2026-05-29T04:41:41.873' AS DateTime))
INSERT [dbo].[Notification] ([id], [userId], [type], [title], [message], [referenceId], [referenceType], [viewUrl], [isRead], [createdAt]) VALUES (43, 1, N'MANUSCRIPT_REVIEW_STARTED', N'Manuscript update', N'Review started for chapter #0', 7, N'MANUSCRIPT', N'/main/manuscripts/7', 0, CAST(N'2026-05-29T04:42:45.980' AS DateTime))
INSERT [dbo].[Notification] ([id], [userId], [type], [title], [message], [referenceId], [referenceType], [viewUrl], [isRead], [createdAt]) VALUES (44, 1, N'PROPOSAL_APPROVED_SERIES_CREATED', N'Series created', N'Proposal "Cyber Ronin" was approved and series #4 was created.', 4, N'SERIES', N'/main/notifications', 0, CAST(N'2026-06-11T21:00:00.307' AS DateTime))
INSERT [dbo].[Notification] ([id], [userId], [type], [title], [message], [referenceId], [referenceType], [viewUrl], [isRead], [createdAt]) VALUES (45, 6, N'PROPOSAL_APPROVED_SERIES_CREATED', N'Series created', N'Proposal "Cyber Ronin" was approved and series #4 was created.', 4, N'SERIES', N'/main/notifications', 0, CAST(N'2026-06-11T21:00:00.310' AS DateTime))
INSERT [dbo].[Notification] ([id], [userId], [type], [title], [message], [referenceId], [referenceType], [viewUrl], [isRead], [createdAt]) VALUES (46, 12, N'TASK_OVERDUE_ACTION_REQUIRED', N'Task overdue - action required', N'Task #6 is overdue. Please decide: extend, reassign, or cancel.', 6, N'TASK', N'/main/tasks/6', 0, CAST(N'2026-06-11T21:00:00.577' AS DateTime))
INSERT [dbo].[Notification] ([id], [userId], [type], [title], [message], [referenceId], [referenceType], [viewUrl], [isRead], [createdAt]) VALUES (47, 2, N'TASK_OVERDUE', N'Task overdue', N'Task #6 is overdue. Please contact your Mangaka.', 6, N'TASK', N'/main/tasks/6', 0, CAST(N'2026-06-11T21:00:00.643' AS DateTime))
INSERT [dbo].[Notification] ([id], [userId], [type], [title], [message], [referenceId], [referenceType], [viewUrl], [isRead], [createdAt]) VALUES (48, 12, N'TASK_OVERDUE_ACTION_REQUIRED', N'Task overdue - action required', N'Task #7 is overdue. Please decide: extend, reassign, or cancel.', 7, N'TASK', N'/main/tasks/7', 0, CAST(N'2026-06-11T21:00:00.707' AS DateTime))
INSERT [dbo].[Notification] ([id], [userId], [type], [title], [message], [referenceId], [referenceType], [viewUrl], [isRead], [createdAt]) VALUES (49, 3, N'TASK_OVERDUE', N'Task overdue', N'Task #7 is overdue. Please contact your Mangaka.', 7, N'TASK', N'/main/tasks/7', 0, CAST(N'2026-06-11T21:00:00.773' AS DateTime))
INSERT [dbo].[Notification] ([id], [userId], [type], [title], [message], [referenceId], [referenceType], [viewUrl], [isRead], [createdAt]) VALUES (50, 12, N'TASK_OVERDUE_ACTION_REQUIRED', N'Task overdue - action required', N'Task #13 is overdue. Please decide: extend, reassign, or cancel.', 13, N'TASK', N'/main/tasks/13', 0, CAST(N'2026-06-11T21:00:00.843' AS DateTime))
INSERT [dbo].[Notification] ([id], [userId], [type], [title], [message], [referenceId], [referenceType], [viewUrl], [isRead], [createdAt]) VALUES (51, 2, N'TASK_OVERDUE', N'Task overdue', N'Task #13 is overdue. Please contact your Mangaka.', 13, N'TASK', N'/main/tasks/13', 0, CAST(N'2026-06-11T21:00:00.910' AS DateTime))
INSERT [dbo].[Notification] ([id], [userId], [type], [title], [message], [referenceId], [referenceType], [viewUrl], [isRead], [createdAt]) VALUES (52, 12, N'TASK_OVERDUE_ACTION_REQUIRED', N'Task overdue - action required', N'Task #14 is overdue. Please decide: extend, reassign, or cancel.', 14, N'TASK', N'/main/tasks/14', 0, CAST(N'2026-06-11T21:00:00.980' AS DateTime))
INSERT [dbo].[Notification] ([id], [userId], [type], [title], [message], [referenceId], [referenceType], [viewUrl], [isRead], [createdAt]) VALUES (53, 16, N'TASK_OVERDUE', N'Task overdue', N'Task #14 is overdue. Please contact your Mangaka.', 14, N'TASK', N'/main/tasks/14', 0, CAST(N'2026-06-11T21:00:01.053' AS DateTime))
INSERT [dbo].[Notification] ([id], [userId], [type], [title], [message], [referenceId], [referenceType], [viewUrl], [isRead], [createdAt]) VALUES (54, 22, N'CHAPTER_AT_RISK', N'Chapter at risk', N'Chapter #4 is at risk (progress below expected timeline).', 4, N'CHAPTER', N'/main/chapters/4', 0, CAST(N'2026-06-11T21:00:01.283' AS DateTime))
INSERT [dbo].[Notification] ([id], [userId], [type], [title], [message], [referenceId], [referenceType], [viewUrl], [isRead], [createdAt]) VALUES (55, 22, N'CHAPTER_AT_RISK', N'Chapter at risk', N'Chapter #12 is at risk (progress below expected timeline).', 12, N'CHAPTER', N'/main/chapters/12', 0, CAST(N'2026-06-11T21:00:01.420' AS DateTime))
INSERT [dbo].[Notification] ([id], [userId], [type], [title], [message], [referenceId], [referenceType], [viewUrl], [isRead], [createdAt]) VALUES (56, 7, N'DECISION_SESSION_OPENED', N'Decision session opened', N'A new decision session is open for series #3.', 1, N'DECISION', N'/main/decisions/1', 0, CAST(N'2026-07-17T13:33:38.383' AS DateTime))
INSERT [dbo].[Notification] ([id], [userId], [type], [title], [message], [referenceId], [referenceType], [viewUrl], [isRead], [createdAt]) VALUES (57, 8, N'DECISION_SESSION_OPENED', N'Decision session opened', N'A new decision session is open for series #3.', 1, N'DECISION', N'/main/decisions/1', 0, CAST(N'2026-07-17T13:33:38.383' AS DateTime))
INSERT [dbo].[Notification] ([id], [userId], [type], [title], [message], [referenceId], [referenceType], [viewUrl], [isRead], [createdAt]) VALUES (58, 9, N'DECISION_SESSION_OPENED', N'Decision session opened', N'A new decision session is open for series #3.', 1, N'DECISION', N'/main/decisions/1', 0, CAST(N'2026-07-17T13:33:38.383' AS DateTime))
INSERT [dbo].[Notification] ([id], [userId], [type], [title], [message], [referenceId], [referenceType], [viewUrl], [isRead], [createdAt]) VALUES (59, 10, N'DECISION_SESSION_OPENED', N'Decision session opened', N'A new decision session is open for series #3.', 1, N'DECISION', N'/main/decisions/1', 0, CAST(N'2026-07-17T13:33:38.383' AS DateTime))
INSERT [dbo].[Notification] ([id], [userId], [type], [title], [message], [referenceId], [referenceType], [viewUrl], [isRead], [createdAt]) VALUES (60, 11, N'DECISION_SESSION_OPENED', N'Decision session opened', N'A new decision session is open for series #3.', 1, N'DECISION', N'/main/decisions/1', 0, CAST(N'2026-07-17T13:33:38.383' AS DateTime))
INSERT [dbo].[Notification] ([id], [userId], [type], [title], [message], [referenceId], [referenceType], [viewUrl], [isRead], [createdAt]) VALUES (61, 7, N'DECISION_RESOLVED', N'Decision finalized', N'A decision session has been finalized with result: CONTINUE.', 1, N'DECISION', N'/main/decisions/1', 0, CAST(N'2026-07-17T13:34:42.147' AS DateTime))
INSERT [dbo].[Notification] ([id], [userId], [type], [title], [message], [referenceId], [referenceType], [viewUrl], [isRead], [createdAt]) VALUES (62, 8, N'DECISION_RESOLVED', N'Decision finalized', N'A decision session has been finalized with result: CONTINUE.', 1, N'DECISION', N'/main/decisions/1', 0, CAST(N'2026-07-17T13:34:42.147' AS DateTime))
INSERT [dbo].[Notification] ([id], [userId], [type], [title], [message], [referenceId], [referenceType], [viewUrl], [isRead], [createdAt]) VALUES (63, 9, N'DECISION_RESOLVED', N'Decision finalized', N'A decision session has been finalized with result: CONTINUE.', 1, N'DECISION', N'/main/decisions/1', 0, CAST(N'2026-07-17T13:34:42.147' AS DateTime))
INSERT [dbo].[Notification] ([id], [userId], [type], [title], [message], [referenceId], [referenceType], [viewUrl], [isRead], [createdAt]) VALUES (64, 10, N'DECISION_RESOLVED', N'Decision finalized', N'A decision session has been finalized with result: CONTINUE.', 1, N'DECISION', N'/main/decisions/1', 0, CAST(N'2026-07-17T13:34:42.147' AS DateTime))
INSERT [dbo].[Notification] ([id], [userId], [type], [title], [message], [referenceId], [referenceType], [viewUrl], [isRead], [createdAt]) VALUES (65, 11, N'DECISION_RESOLVED', N'Decision finalized', N'A decision session has been finalized with result: CONTINUE.', 1, N'DECISION', N'/main/decisions/1', 0, CAST(N'2026-07-17T13:34:42.147' AS DateTime))
INSERT [dbo].[Notification] ([id], [userId], [type], [title], [message], [referenceId], [referenceType], [viewUrl], [isRead], [createdAt]) VALUES (66, 7, N'DECISION_SESSION_OPENED', N'Decision session opened', N'A new decision session is open for series #3.', 2, N'DECISION', N'/main/decisions/2', 0, CAST(N'2026-07-17T13:34:56.683' AS DateTime))
INSERT [dbo].[Notification] ([id], [userId], [type], [title], [message], [referenceId], [referenceType], [viewUrl], [isRead], [createdAt]) VALUES (67, 8, N'DECISION_SESSION_OPENED', N'Decision session opened', N'A new decision session is open for series #3.', 2, N'DECISION', N'/main/decisions/2', 0, CAST(N'2026-07-17T13:34:56.683' AS DateTime))
INSERT [dbo].[Notification] ([id], [userId], [type], [title], [message], [referenceId], [referenceType], [viewUrl], [isRead], [createdAt]) VALUES (68, 9, N'DECISION_SESSION_OPENED', N'Decision session opened', N'A new decision session is open for series #3.', 2, N'DECISION', N'/main/decisions/2', 0, CAST(N'2026-07-17T13:34:56.683' AS DateTime))
INSERT [dbo].[Notification] ([id], [userId], [type], [title], [message], [referenceId], [referenceType], [viewUrl], [isRead], [createdAt]) VALUES (69, 10, N'DECISION_SESSION_OPENED', N'Decision session opened', N'A new decision session is open for series #3.', 2, N'DECISION', N'/main/decisions/2', 0, CAST(N'2026-07-17T13:34:56.683' AS DateTime))
INSERT [dbo].[Notification] ([id], [userId], [type], [title], [message], [referenceId], [referenceType], [viewUrl], [isRead], [createdAt]) VALUES (70, 11, N'DECISION_SESSION_OPENED', N'Decision session opened', N'A new decision session is open for series #3.', 2, N'DECISION', N'/main/decisions/2', 0, CAST(N'2026-07-17T13:34:56.683' AS DateTime))
INSERT [dbo].[Notification] ([id], [userId], [type], [title], [message], [referenceId], [referenceType], [viewUrl], [isRead], [createdAt]) VALUES (71, 7, N'DECISION_RESOLVED', N'Decision finalized', N'A decision session has been finalized with result: CONTINUE.', 2, N'DECISION', N'/main/decisions/2', 0, CAST(N'2026-07-17T13:38:54.197' AS DateTime))
INSERT [dbo].[Notification] ([id], [userId], [type], [title], [message], [referenceId], [referenceType], [viewUrl], [isRead], [createdAt]) VALUES (72, 8, N'DECISION_RESOLVED', N'Decision finalized', N'A decision session has been finalized with result: CONTINUE.', 2, N'DECISION', N'/main/decisions/2', 0, CAST(N'2026-07-17T13:38:54.197' AS DateTime))
INSERT [dbo].[Notification] ([id], [userId], [type], [title], [message], [referenceId], [referenceType], [viewUrl], [isRead], [createdAt]) VALUES (73, 9, N'DECISION_RESOLVED', N'Decision finalized', N'A decision session has been finalized with result: CONTINUE.', 2, N'DECISION', N'/main/decisions/2', 0, CAST(N'2026-07-17T13:38:54.197' AS DateTime))
INSERT [dbo].[Notification] ([id], [userId], [type], [title], [message], [referenceId], [referenceType], [viewUrl], [isRead], [createdAt]) VALUES (74, 10, N'DECISION_RESOLVED', N'Decision finalized', N'A decision session has been finalized with result: CONTINUE.', 2, N'DECISION', N'/main/decisions/2', 0, CAST(N'2026-07-17T13:38:54.197' AS DateTime))
INSERT [dbo].[Notification] ([id], [userId], [type], [title], [message], [referenceId], [referenceType], [viewUrl], [isRead], [createdAt]) VALUES (75, 11, N'DECISION_RESOLVED', N'Decision finalized', N'A decision session has been finalized with result: CONTINUE.', 2, N'DECISION', N'/main/decisions/2', 0, CAST(N'2026-07-17T13:38:54.197' AS DateTime))
INSERT [dbo].[Notification] ([id], [userId], [type], [title], [message], [referenceId], [referenceType], [viewUrl], [isRead], [createdAt]) VALUES (76, 7, N'DECISION_SESSION_OPENED', N'Decision session opened', N'A new decision session is open for series #3.', 3, N'DECISION', N'/main/decisions/3', 0, CAST(N'2026-07-17T13:39:25.943' AS DateTime))
INSERT [dbo].[Notification] ([id], [userId], [type], [title], [message], [referenceId], [referenceType], [viewUrl], [isRead], [createdAt]) VALUES (77, 8, N'DECISION_SESSION_OPENED', N'Decision session opened', N'A new decision session is open for series #3.', 3, N'DECISION', N'/main/decisions/3', 0, CAST(N'2026-07-17T13:39:25.943' AS DateTime))
INSERT [dbo].[Notification] ([id], [userId], [type], [title], [message], [referenceId], [referenceType], [viewUrl], [isRead], [createdAt]) VALUES (78, 9, N'DECISION_SESSION_OPENED', N'Decision session opened', N'A new decision session is open for series #3.', 3, N'DECISION', N'/main/decisions/3', 0, CAST(N'2026-07-17T13:39:25.943' AS DateTime))
INSERT [dbo].[Notification] ([id], [userId], [type], [title], [message], [referenceId], [referenceType], [viewUrl], [isRead], [createdAt]) VALUES (79, 10, N'DECISION_SESSION_OPENED', N'Decision session opened', N'A new decision session is open for series #3.', 3, N'DECISION', N'/main/decisions/3', 0, CAST(N'2026-07-17T13:39:25.943' AS DateTime))
INSERT [dbo].[Notification] ([id], [userId], [type], [title], [message], [referenceId], [referenceType], [viewUrl], [isRead], [createdAt]) VALUES (80, 11, N'DECISION_SESSION_OPENED', N'Decision session opened', N'A new decision session is open for series #3.', 3, N'DECISION', N'/main/decisions/3', 0, CAST(N'2026-07-17T13:39:25.943' AS DateTime))
INSERT [dbo].[Notification] ([id], [userId], [type], [title], [message], [referenceId], [referenceType], [viewUrl], [isRead], [createdAt]) VALUES (81, 7, N'DECISION_RESOLVED', N'Decision finalized', N'A decision session has been finalized with result: CONTINUE.', 3, N'DECISION', N'/main/decisions/3', 0, CAST(N'2026-07-17T13:44:02.043' AS DateTime))
INSERT [dbo].[Notification] ([id], [userId], [type], [title], [message], [referenceId], [referenceType], [viewUrl], [isRead], [createdAt]) VALUES (82, 8, N'DECISION_RESOLVED', N'Decision finalized', N'A decision session has been finalized with result: CONTINUE.', 3, N'DECISION', N'/main/decisions/3', 0, CAST(N'2026-07-17T13:44:02.043' AS DateTime))
INSERT [dbo].[Notification] ([id], [userId], [type], [title], [message], [referenceId], [referenceType], [viewUrl], [isRead], [createdAt]) VALUES (83, 9, N'DECISION_RESOLVED', N'Decision finalized', N'A decision session has been finalized with result: CONTINUE.', 3, N'DECISION', N'/main/decisions/3', 0, CAST(N'2026-07-17T13:44:02.043' AS DateTime))
INSERT [dbo].[Notification] ([id], [userId], [type], [title], [message], [referenceId], [referenceType], [viewUrl], [isRead], [createdAt]) VALUES (84, 10, N'DECISION_RESOLVED', N'Decision finalized', N'A decision session has been finalized with result: CONTINUE.', 3, N'DECISION', N'/main/decisions/3', 0, CAST(N'2026-07-17T13:44:02.043' AS DateTime))
INSERT [dbo].[Notification] ([id], [userId], [type], [title], [message], [referenceId], [referenceType], [viewUrl], [isRead], [createdAt]) VALUES (85, 11, N'DECISION_RESOLVED', N'Decision finalized', N'A decision session has been finalized with result: CONTINUE.', 3, N'DECISION', N'/main/decisions/3', 0, CAST(N'2026-07-17T13:44:02.043' AS DateTime))
SET IDENTITY_INSERT [dbo].[Notification] OFF
GO
SET IDENTITY_INSERT [dbo].[PageRevision] ON 

INSERT [dbo].[PageRevision] ([id], [pageId], [imageUrl], [completedStage], [changedBy], [changedAt], [source], [imagePhash]) VALUES (1, 6, N'/img/chapter/demo/sketching_1.jpg', N'SKETCHING', 2, CAST(N'2026-05-10T09:00:00.000' AS DateTime), N'TASK_APPROVED', N'fffde17fbdfecbff')
INSERT [dbo].[PageRevision] ([id], [pageId], [imageUrl], [completedStage], [changedBy], [changedAt], [source], [imagePhash]) VALUES (2, 6, N'/img/chapter/demo/inking_1.jpg', N'INKING', 2, CAST(N'2026-05-20T09:00:00.000' AS DateTime), N'TASK_APPROVED', N'1e7a7e7cdedaeeea')
INSERT [dbo].[PageRevision] ([id], [pageId], [imageUrl], [completedStage], [changedBy], [changedAt], [source], [imagePhash]) VALUES (3, 6, N'/img/chapter/demo/coloring_1.jpg', N'COLORING', 2, CAST(N'2026-06-05T09:00:00.000' AS DateTime), N'TASK_APPROVED', N'f79eb6bca09ecce4')
INSERT [dbo].[PageRevision] ([id], [pageId], [imageUrl], [completedStage], [changedBy], [changedAt], [source], [imagePhash]) VALUES (4, 6, N'/img/chapter/demo/screentone_1.png', N'SCREENTONE', 1, CAST(N'2026-06-18T09:00:00.000' AS DateTime), N'MANGAKA_UPLOAD', N'9d277538f6e2ecec')
INSERT [dbo].[PageRevision] ([id], [pageId], [imageUrl], [completedStage], [changedBy], [changedAt], [source], [imagePhash]) VALUES (5, 6, N'/img/chapter/demo/lettering_1.jpg', N'LETTERING', 1, CAST(N'2026-06-25T09:00:00.000' AS DateTime), N'MANGAKA_UPLOAD', N'a3889f9bd9daa3a9')
INSERT [dbo].[PageRevision] ([id], [pageId], [imageUrl], [completedStage], [changedBy], [changedAt], [source], [imagePhash]) VALUES (6, 6, N'/img/chapter/demo/coloring_1.jpg', N'COLORING', 1, CAST(N'2026-06-26T10:00:00.000' AS DateTime), N'ROLLBACK', N'f79eb6bca09ecce4')
INSERT [dbo].[PageRevision] ([id], [pageId], [imageUrl], [completedStage], [changedBy], [changedAt], [source], [imagePhash]) VALUES (7, 7, N'/img/chapter/demo/sketching_2.jpg', N'SKETCHING', 2, CAST(N'2026-05-12T09:00:00.000' AS DateTime), N'TASK_APPROVED', N'7e1e7c7e7e6e1b0f')
INSERT [dbo].[PageRevision] ([id], [pageId], [imageUrl], [completedStage], [changedBy], [changedAt], [source], [imagePhash]) VALUES (8, 7, N'/img/chapter/demo/sketching_3.jpg', N'INKING', 2, CAST(N'2026-05-22T09:00:00.000' AS DateTime), N'TASK_APPROVED', N'bbfdcddf9ffff2c8')
INSERT [dbo].[PageRevision] ([id], [pageId], [imageUrl], [completedStage], [changedBy], [changedAt], [source], [imagePhash]) VALUES (9, 7, N'/img/chapter/demo/sketching_4.jpg', N'COLORING', 2, CAST(N'2026-06-06T09:00:00.000' AS DateTime), N'TASK_APPROVED', N'fcdff7a7f7bdaea0')
INSERT [dbo].[PageRevision] ([id], [pageId], [imageUrl], [completedStage], [changedBy], [changedAt], [source], [imagePhash]) VALUES (10, 8, N'/img/chapter/demo/sketching_5.jpg', N'SKETCHING', 3, CAST(N'2026-05-14T09:00:00.000' AS DateTime), N'TASK_APPROVED', N'4070637fdb9edfff')
INSERT [dbo].[PageRevision] ([id], [pageId], [imageUrl], [completedStage], [changedBy], [changedAt], [source], [imagePhash]) VALUES (11, 8, N'/img/chapter/demo/sketching_6.jpg', N'INKING', 3, CAST(N'2026-05-24T09:00:00.000' AS DateTime), N'TASK_APPROVED', N'3f2f0fd74f0b5f3f')
INSERT [dbo].[PageRevision] ([id], [pageId], [imageUrl], [completedStage], [changedBy], [changedAt], [source], [imagePhash]) VALUES (12, 9, N'/img/chapter/demo/sketching_8.jpg', N'SKETCHING', 3, CAST(N'2026-05-15T09:00:00.000' AS DateTime), N'TASK_APPROVED', N'e1ffbbe7eff1d9ff')
INSERT [dbo].[PageRevision] ([id], [pageId], [imageUrl], [completedStage], [changedBy], [changedAt], [source], [imagePhash]) VALUES (13, 10, N'/img/chapter/demo/sketching_9.jpg', N'SKETCHING', 3, CAST(N'2026-07-02T09:00:00.000' AS DateTime), N'TASK_APPROVED', N'81fffdfffff7ff81')
SET IDENTITY_INSERT [dbo].[PageRevision] OFF
GO
INSERT [dbo].[SystemSetting] ([settingKey], [settingValue], [updatedAt]) VALUES (N'proposal.maxSubmitAttempts', N'2', CAST(N'2026-07-17T13:32:57.017' AS DateTime))
INSERT [dbo].[SystemSetting] ([settingKey], [settingValue], [updatedAt]) VALUES (N'proposal.minimumVoteQuorum', N'3', CAST(N'2026-07-17T13:32:57.017' AS DateTime))
GO
